"ko","log2FoldChange","padj","factor","path","trans"
"ko:K00134",0.692161726213776,0.000288154391064379,"Menthol_Menthol_vs_Control","path:map01120","TRINITY_DN9489_c0_g1_i2"
"ko:K00134",0.692161726213776,0.000288154391064379,"Menthol_Menthol_vs_Control","path:map01120","TRINITY_DN9489_c0_g1_i1"
"ko:K00134",0.692161726213776,0.000288154391064379,"Menthol_Menthol_vs_Control","path:map01110","TRINITY_DN9489_c0_g1_i2"
"ko:K00134",0.692161726213776,0.000288154391064379,"Menthol_Menthol_vs_Control","path:map01110","TRINITY_DN9489_c0_g1_i1"
"ko:K00134",0.692161726213776,0.000288154391064379,"Menthol_Menthol_vs_Control","path:map01100","TRINITY_DN9489_c0_g1_i2"
"ko:K00134",0.692161726213776,0.000288154391064379,"Menthol_Menthol_vs_Control","path:map01100","TRINITY_DN9489_c0_g1_i1"
"ko:K00134",0.692161726213776,0.000288154391064379,"Menthol_Menthol_vs_Control","path:map00010","TRINITY_DN9489_c0_g1_i2"
"ko:K00134",0.692161726213776,0.000288154391064379,"Menthol_Menthol_vs_Control","path:map00010","TRINITY_DN9489_c0_g1_i1"
"ko:K00134",0.692161726213776,0.000288154391064379,"Menthol_Menthol_vs_Control","path:ko01100","TRINITY_DN9489_c0_g1_i2"
"ko:K00134",0.692161726213776,0.000288154391064379,"Menthol_Menthol_vs_Control","path:ko01100","TRINITY_DN9489_c0_g1_i1"
"ko:K00134",0.692161726213776,0.000288154391064379,"Menthol_Menthol_vs_Control","path:ko00710","TRINITY_DN9489_c0_g1_i2"
"ko:K00134",0.692161726213776,0.000288154391064379,"Menthol_Menthol_vs_Control","path:ko00710","TRINITY_DN9489_c0_g1_i1"
"ko:K00134",0.692161726213776,0.000288154391064379,"Menthol_Menthol_vs_Control","path:map00710","TRINITY_DN9489_c0_g1_i2"
"ko:K00134",0.692161726213776,0.000288154391064379,"Menthol_Menthol_vs_Control","path:map00710","TRINITY_DN9489_c0_g1_i1"
"ko:K00134",0.692161726213776,0.000288154391064379,"Menthol_Menthol_vs_Control","path:ko01230","TRINITY_DN9489_c0_g1_i2"
"ko:K00134",0.692161726213776,0.000288154391064379,"Menthol_Menthol_vs_Control","path:ko01230","TRINITY_DN9489_c0_g1_i1"
"ko:K00134",0.692161726213776,0.000288154391064379,"Menthol_Menthol_vs_Control","path:map01230","TRINITY_DN9489_c0_g1_i2"
"ko:K00134",0.692161726213776,0.000288154391064379,"Menthol_Menthol_vs_Control","path:map01230","TRINITY_DN9489_c0_g1_i1"
"ko:K00134",0.692161726213776,0.000288154391064379,"Menthol_Menthol_vs_Control","path:ko04066","TRINITY_DN9489_c0_g1_i2"
"ko:K00134",0.692161726213776,0.000288154391064379,"Menthol_Menthol_vs_Control","path:ko04066","TRINITY_DN9489_c0_g1_i1"
"ko:K00134",0.692161726213776,0.000288154391064379,"Menthol_Menthol_vs_Control","path:ko00010","TRINITY_DN9489_c0_g1_i2"
"ko:K00134",0.692161726213776,0.000288154391064379,"Menthol_Menthol_vs_Control","path:ko00010","TRINITY_DN9489_c0_g1_i1"
"ko:K00134",0.692161726213776,0.000288154391064379,"Menthol_Menthol_vs_Control","path:ko01120","TRINITY_DN9489_c0_g1_i2"
"ko:K00134",0.692161726213776,0.000288154391064379,"Menthol_Menthol_vs_Control","path:ko01120","TRINITY_DN9489_c0_g1_i1"
"ko:K00134",0.692161726213776,0.000288154391064379,"Menthol_Menthol_vs_Control","path:ko01110","TRINITY_DN9489_c0_g1_i2"
"ko:K00134",0.692161726213776,0.000288154391064379,"Menthol_Menthol_vs_Control","path:ko01110","TRINITY_DN9489_c0_g1_i1"
"ko:K00134",0.692161726213776,0.000288154391064379,"Menthol_Menthol_vs_Control","path:map05010","TRINITY_DN9489_c0_g1_i2"
"ko:K00134",0.692161726213776,0.000288154391064379,"Menthol_Menthol_vs_Control","path:map05010","TRINITY_DN9489_c0_g1_i1"
"ko:K00134",0.692161726213776,0.000288154391064379,"Menthol_Menthol_vs_Control","path:map04066","TRINITY_DN9489_c0_g1_i2"
"ko:K00134",0.692161726213776,0.000288154391064379,"Menthol_Menthol_vs_Control","path:map04066","TRINITY_DN9489_c0_g1_i1"
"ko:K00134",0.692161726213776,0.000288154391064379,"Menthol_Menthol_vs_Control","path:ko01130","TRINITY_DN9489_c0_g1_i2"
"ko:K00134",0.692161726213776,0.000288154391064379,"Menthol_Menthol_vs_Control","path:ko01130","TRINITY_DN9489_c0_g1_i1"
"ko:K00134",0.692161726213776,0.000288154391064379,"Menthol_Menthol_vs_Control","path:ko05010","TRINITY_DN9489_c0_g1_i2"
"ko:K00134",0.692161726213776,0.000288154391064379,"Menthol_Menthol_vs_Control","path:ko05010","TRINITY_DN9489_c0_g1_i1"
"ko:K00134",0.692161726213776,0.000288154391064379,"Menthol_Menthol_vs_Control","path:map01200","TRINITY_DN9489_c0_g1_i2"
"ko:K00134",0.692161726213776,0.000288154391064379,"Menthol_Menthol_vs_Control","path:map01200","TRINITY_DN9489_c0_g1_i1"
"ko:K00134",0.692161726213776,0.000288154391064379,"Menthol_Menthol_vs_Control","path:map01130","TRINITY_DN9489_c0_g1_i2"
"ko:K00134",0.692161726213776,0.000288154391064379,"Menthol_Menthol_vs_Control","path:map01130","TRINITY_DN9489_c0_g1_i1"
"ko:K00134",0.692161726213776,0.000288154391064379,"Menthol_Menthol_vs_Control","path:ko01200","TRINITY_DN9489_c0_g1_i2"
"ko:K00134",0.692161726213776,0.000288154391064379,"Menthol_Menthol_vs_Control","path:ko01200","TRINITY_DN9489_c0_g1_i1"
"ko:K00140",0.754939391691854,0.0205797055410974,"Menthol_Menthol_vs_Control","path:map00410","TRINITY_DN8750_c0_g1_i1"
"ko:K00140",0.754939391691854,0.0205797055410974,"Menthol_Menthol_vs_Control","path:ko00410","TRINITY_DN8750_c0_g1_i1"
"ko:K00140",0.754939391691854,0.0205797055410974,"Menthol_Menthol_vs_Control","path:map00640","TRINITY_DN8750_c0_g1_i1"
"ko:K00140",0.754939391691854,0.0205797055410974,"Menthol_Menthol_vs_Control","path:map00280","TRINITY_DN8750_c0_g1_i1"
"ko:K00140",0.754939391691854,0.0205797055410974,"Menthol_Menthol_vs_Control","path:map01100","TRINITY_DN8750_c0_g1_i1"
"ko:K00140",0.754939391691854,0.0205797055410974,"Menthol_Menthol_vs_Control","path:ko01100","TRINITY_DN8750_c0_g1_i1"
"ko:K00140",0.754939391691854,0.0205797055410974,"Menthol_Menthol_vs_Control","path:ko00640","TRINITY_DN8750_c0_g1_i1"
"ko:K00140",0.754939391691854,0.0205797055410974,"Menthol_Menthol_vs_Control","path:ko00280","TRINITY_DN8750_c0_g1_i1"
"ko:K00140",0.754939391691854,0.0205797055410974,"Menthol_Menthol_vs_Control","path:map01200","TRINITY_DN8750_c0_g1_i1"
"ko:K00140",0.754939391691854,0.0205797055410974,"Menthol_Menthol_vs_Control","path:map00562","TRINITY_DN8750_c0_g1_i1"
"ko:K00140",0.754939391691854,0.0205797055410974,"Menthol_Menthol_vs_Control","path:ko01200","TRINITY_DN8750_c0_g1_i1"
"ko:K00140",0.754939391691854,0.0205797055410974,"Menthol_Menthol_vs_Control","path:ko00562","TRINITY_DN8750_c0_g1_i1"
"ko:K00522",0.632239566040692,8.3675474914535e-11,"Menthol_Menthol_vs_Control","path:ko04217","TRINITY_DN8126_c0_g1_i1"
"ko:K00522",0.632239566040692,8.3675474914535e-11,"Menthol_Menthol_vs_Control","path:ko04217","TRINITY_DN9413_c0_g1_i1"
"ko:K00522",0.632239566040692,8.3675474914535e-11,"Menthol_Menthol_vs_Control","path:map04217","TRINITY_DN8126_c0_g1_i1"
"ko:K00522",0.632239566040692,8.3675474914535e-11,"Menthol_Menthol_vs_Control","path:map04217","TRINITY_DN9413_c0_g1_i1"
"ko:K00522",0.632239566040692,8.3675474914535e-11,"Menthol_Menthol_vs_Control","path:ko04216","TRINITY_DN8126_c0_g1_i1"
"ko:K00522",0.632239566040692,8.3675474914535e-11,"Menthol_Menthol_vs_Control","path:ko04216","TRINITY_DN9413_c0_g1_i1"
"ko:K00522",0.632239566040692,8.3675474914535e-11,"Menthol_Menthol_vs_Control","path:map04978","TRINITY_DN8126_c0_g1_i1"
"ko:K00522",0.632239566040692,8.3675474914535e-11,"Menthol_Menthol_vs_Control","path:map04978","TRINITY_DN9413_c0_g1_i1"
"ko:K00522",0.632239566040692,8.3675474914535e-11,"Menthol_Menthol_vs_Control","path:ko04978","TRINITY_DN8126_c0_g1_i1"
"ko:K00522",0.632239566040692,8.3675474914535e-11,"Menthol_Menthol_vs_Control","path:ko04978","TRINITY_DN9413_c0_g1_i1"
"ko:K00522",0.632239566040692,8.3675474914535e-11,"Menthol_Menthol_vs_Control","path:map04216","TRINITY_DN8126_c0_g1_i1"
"ko:K00522",0.632239566040692,8.3675474914535e-11,"Menthol_Menthol_vs_Control","path:map04216","TRINITY_DN9413_c0_g1_i1"
"ko:K00552",1.29530095279269,0.0127564556988321,"Menthol_Menthol_vs_Control","path:ko00260","TRINITY_DN9582_c4_g1_i2"
"ko:K00552",1.29530095279269,0.0127564556988321,"Menthol_Menthol_vs_Control","path:map00260","TRINITY_DN9582_c4_g1_i2"
"ko:K00967",0.569193710769569,0.0246486213159255,"Menthol_Menthol_vs_Control","path:ko00440","TRINITY_DN9428_c0_g1_i1"
"ko:K00967",0.569193710769569,0.0246486213159255,"Menthol_Menthol_vs_Control","path:ko01100","TRINITY_DN9428_c0_g1_i1"
"ko:K00967",0.569193710769569,0.0246486213159255,"Menthol_Menthol_vs_Control","path:ko00564","TRINITY_DN9428_c0_g1_i1"
"ko:K00967",0.569193710769569,0.0246486213159255,"Menthol_Menthol_vs_Control","path:map01100","TRINITY_DN9428_c0_g1_i1"
"ko:K00967",0.569193710769569,0.0246486213159255,"Menthol_Menthol_vs_Control","path:map00564","TRINITY_DN9428_c0_g1_i1"
"ko:K00967",0.569193710769569,0.0246486213159255,"Menthol_Menthol_vs_Control","path:map00440","TRINITY_DN9428_c0_g1_i1"
"ko:K01596",0.706006602130895,0.0353543497268177,"Menthol_Menthol_vs_Control","path:map01110","TRINITY_DN9615_c0_g2_i2"
"ko:K01596",0.706006602130895,0.0353543497268177,"Menthol_Menthol_vs_Control","path:map01110","TRINITY_DN9615_c0_g2_i1"
"ko:K01596",0.706006602130895,0.0353543497268177,"Menthol_Menthol_vs_Control","path:ko00620","TRINITY_DN9615_c0_g2_i2"
"ko:K01596",0.706006602130895,0.0353543497268177,"Menthol_Menthol_vs_Control","path:ko00620","TRINITY_DN9615_c0_g2_i1"
"ko:K01596",0.706006602130895,0.0353543497268177,"Menthol_Menthol_vs_Control","path:map04910","TRINITY_DN9615_c0_g2_i2"
"ko:K01596",0.706006602130895,0.0353543497268177,"Menthol_Menthol_vs_Control","path:map04910","TRINITY_DN9615_c0_g2_i1"
"ko:K01596",0.706006602130895,0.0353543497268177,"Menthol_Menthol_vs_Control","path:ko04910","TRINITY_DN9615_c0_g2_i2"
"ko:K01596",0.706006602130895,0.0353543497268177,"Menthol_Menthol_vs_Control","path:ko04910","TRINITY_DN9615_c0_g2_i1"
"ko:K01596",0.706006602130895,0.0353543497268177,"Menthol_Menthol_vs_Control","path:ko01100","TRINITY_DN9615_c0_g2_i2"
"ko:K01596",0.706006602130895,0.0353543497268177,"Menthol_Menthol_vs_Control","path:ko01100","TRINITY_DN9615_c0_g2_i1"
"ko:K01596",0.706006602130895,0.0353543497268177,"Menthol_Menthol_vs_Control","path:map04920","TRINITY_DN9615_c0_g2_i2"
"ko:K01596",0.706006602130895,0.0353543497268177,"Menthol_Menthol_vs_Control","path:map04920","TRINITY_DN9615_c0_g2_i1"
"ko:K01596",0.706006602130895,0.0353543497268177,"Menthol_Menthol_vs_Control","path:map04151","TRINITY_DN9615_c0_g2_i2"
"ko:K01596",0.706006602130895,0.0353543497268177,"Menthol_Menthol_vs_Control","path:map04151","TRINITY_DN9615_c0_g2_i1"
"ko:K01596",0.706006602130895,0.0353543497268177,"Menthol_Menthol_vs_Control","path:ko04151","TRINITY_DN9615_c0_g2_i2"
"ko:K01596",0.706006602130895,0.0353543497268177,"Menthol_Menthol_vs_Control","path:ko04151","TRINITY_DN9615_c0_g2_i1"
"ko:K01596",0.706006602130895,0.0353543497268177,"Menthol_Menthol_vs_Control","path:map04152","TRINITY_DN9615_c0_g2_i2"
"ko:K01596",0.706006602130895,0.0353543497268177,"Menthol_Menthol_vs_Control","path:map04152","TRINITY_DN9615_c0_g2_i1"
"ko:K01596",0.706006602130895,0.0353543497268177,"Menthol_Menthol_vs_Control","path:ko04920","TRINITY_DN9615_c0_g2_i2"
"ko:K01596",0.706006602130895,0.0353543497268177,"Menthol_Menthol_vs_Control","path:ko04920","TRINITY_DN9615_c0_g2_i1"
"ko:K01596",0.706006602130895,0.0353543497268177,"Menthol_Menthol_vs_Control","path:map01100","TRINITY_DN9615_c0_g2_i2"
"ko:K01596",0.706006602130895,0.0353543497268177,"Menthol_Menthol_vs_Control","path:map01100","TRINITY_DN9615_c0_g2_i1"
"ko:K01596",0.706006602130895,0.0353543497268177,"Menthol_Menthol_vs_Control","path:map04068","TRINITY_DN9615_c0_g2_i2"
"ko:K01596",0.706006602130895,0.0353543497268177,"Menthol_Menthol_vs_Control","path:map04068","TRINITY_DN9615_c0_g2_i1"
"ko:K01596",0.706006602130895,0.0353543497268177,"Menthol_Menthol_vs_Control","path:map00010","TRINITY_DN9615_c0_g2_i2"
"ko:K01596",0.706006602130895,0.0353543497268177,"Menthol_Menthol_vs_Control","path:map00010","TRINITY_DN9615_c0_g2_i1"
"ko:K01596",0.706006602130895,0.0353543497268177,"Menthol_Menthol_vs_Control","path:ko00010","TRINITY_DN9615_c0_g2_i2"
"ko:K01596",0.706006602130895,0.0353543497268177,"Menthol_Menthol_vs_Control","path:ko00010","TRINITY_DN9615_c0_g2_i1"
"ko:K01596",0.706006602130895,0.0353543497268177,"Menthol_Menthol_vs_Control","path:ko04152","TRINITY_DN9615_c0_g2_i2"
"ko:K01596",0.706006602130895,0.0353543497268177,"Menthol_Menthol_vs_Control","path:ko04152","TRINITY_DN9615_c0_g2_i1"
"ko:K01596",0.706006602130895,0.0353543497268177,"Menthol_Menthol_vs_Control","path:ko04068","TRINITY_DN9615_c0_g2_i2"
"ko:K01596",0.706006602130895,0.0353543497268177,"Menthol_Menthol_vs_Control","path:ko04068","TRINITY_DN9615_c0_g2_i1"
"ko:K01596",0.706006602130895,0.0353543497268177,"Menthol_Menthol_vs_Control","path:ko04964","TRINITY_DN9615_c0_g2_i2"
"ko:K01596",0.706006602130895,0.0353543497268177,"Menthol_Menthol_vs_Control","path:ko04964","TRINITY_DN9615_c0_g2_i1"
"ko:K01596",0.706006602130895,0.0353543497268177,"Menthol_Menthol_vs_Control","path:map00020","TRINITY_DN9615_c0_g2_i2"
"ko:K01596",0.706006602130895,0.0353543497268177,"Menthol_Menthol_vs_Control","path:map00020","TRINITY_DN9615_c0_g2_i1"
"ko:K01596",0.706006602130895,0.0353543497268177,"Menthol_Menthol_vs_Control","path:ko00020","TRINITY_DN9615_c0_g2_i2"
"ko:K01596",0.706006602130895,0.0353543497268177,"Menthol_Menthol_vs_Control","path:ko00020","TRINITY_DN9615_c0_g2_i1"
"ko:K01596",0.706006602130895,0.0353543497268177,"Menthol_Menthol_vs_Control","path:ko01110","TRINITY_DN9615_c0_g2_i2"
"ko:K01596",0.706006602130895,0.0353543497268177,"Menthol_Menthol_vs_Control","path:ko01110","TRINITY_DN9615_c0_g2_i1"
"ko:K01596",0.706006602130895,0.0353543497268177,"Menthol_Menthol_vs_Control","path:ko03320","TRINITY_DN9615_c0_g2_i2"
"ko:K01596",0.706006602130895,0.0353543497268177,"Menthol_Menthol_vs_Control","path:ko03320","TRINITY_DN9615_c0_g2_i1"
"ko:K01596",0.706006602130895,0.0353543497268177,"Menthol_Menthol_vs_Control","path:map01120","TRINITY_DN9615_c0_g2_i2"
"ko:K01596",0.706006602130895,0.0353543497268177,"Menthol_Menthol_vs_Control","path:map01120","TRINITY_DN9615_c0_g2_i1"
"ko:K01596",0.706006602130895,0.0353543497268177,"Menthol_Menthol_vs_Control","path:ko04922","TRINITY_DN9615_c0_g2_i2"
"ko:K01596",0.706006602130895,0.0353543497268177,"Menthol_Menthol_vs_Control","path:ko04922","TRINITY_DN9615_c0_g2_i1"
"ko:K01596",0.706006602130895,0.0353543497268177,"Menthol_Menthol_vs_Control","path:map04931","TRINITY_DN9615_c0_g2_i2"
"ko:K01596",0.706006602130895,0.0353543497268177,"Menthol_Menthol_vs_Control","path:map04931","TRINITY_DN9615_c0_g2_i1"
"ko:K01596",0.706006602130895,0.0353543497268177,"Menthol_Menthol_vs_Control","path:ko04931","TRINITY_DN9615_c0_g2_i2"
"ko:K01596",0.706006602130895,0.0353543497268177,"Menthol_Menthol_vs_Control","path:ko04931","TRINITY_DN9615_c0_g2_i1"
"ko:K01596",0.706006602130895,0.0353543497268177,"Menthol_Menthol_vs_Control","path:map04964","TRINITY_DN9615_c0_g2_i2"
"ko:K01596",0.706006602130895,0.0353543497268177,"Menthol_Menthol_vs_Control","path:map04964","TRINITY_DN9615_c0_g2_i1"
"ko:K01596",0.706006602130895,0.0353543497268177,"Menthol_Menthol_vs_Control","path:map03320","TRINITY_DN9615_c0_g2_i2"
"ko:K01596",0.706006602130895,0.0353543497268177,"Menthol_Menthol_vs_Control","path:map03320","TRINITY_DN9615_c0_g2_i1"
"ko:K01596",0.706006602130895,0.0353543497268177,"Menthol_Menthol_vs_Control","path:map00620","TRINITY_DN9615_c0_g2_i2"
"ko:K01596",0.706006602130895,0.0353543497268177,"Menthol_Menthol_vs_Control","path:map00620","TRINITY_DN9615_c0_g2_i1"
"ko:K01596",0.706006602130895,0.0353543497268177,"Menthol_Menthol_vs_Control","path:map04922","TRINITY_DN9615_c0_g2_i2"
"ko:K01596",0.706006602130895,0.0353543497268177,"Menthol_Menthol_vs_Control","path:map04922","TRINITY_DN9615_c0_g2_i1"
"ko:K01596",0.706006602130895,0.0353543497268177,"Menthol_Menthol_vs_Control","path:map01130","TRINITY_DN9615_c0_g2_i2"
"ko:K01596",0.706006602130895,0.0353543497268177,"Menthol_Menthol_vs_Control","path:map01130","TRINITY_DN9615_c0_g2_i1"
"ko:K01596",0.706006602130895,0.0353543497268177,"Menthol_Menthol_vs_Control","path:ko01130","TRINITY_DN9615_c0_g2_i2"
"ko:K01596",0.706006602130895,0.0353543497268177,"Menthol_Menthol_vs_Control","path:ko01130","TRINITY_DN9615_c0_g2_i1"
"ko:K01596",0.706006602130895,0.0353543497268177,"Menthol_Menthol_vs_Control","path:ko01120","TRINITY_DN9615_c0_g2_i2"
"ko:K01596",0.706006602130895,0.0353543497268177,"Menthol_Menthol_vs_Control","path:ko01120","TRINITY_DN9615_c0_g2_i1"
"ko:K01697",0.48478123968732,0.0353543497268177,"Menthol_Menthol_vs_Control","path:map00270","TRINITY_DN9402_c0_g1_i1"
"ko:K01697",0.48478123968732,0.0353543497268177,"Menthol_Menthol_vs_Control","path:map00270","TRINITY_DN9402_c0_g1_i2"
"ko:K01697",0.48478123968732,0.0353543497268177,"Menthol_Menthol_vs_Control","path:map01100","TRINITY_DN9402_c0_g1_i1"
"ko:K01697",0.48478123968732,0.0353543497268177,"Menthol_Menthol_vs_Control","path:map01100","TRINITY_DN9402_c0_g1_i2"
"ko:K01697",0.48478123968732,0.0353543497268177,"Menthol_Menthol_vs_Control","path:map01130","TRINITY_DN9402_c0_g1_i1"
"ko:K01697",0.48478123968732,0.0353543497268177,"Menthol_Menthol_vs_Control","path:map01130","TRINITY_DN9402_c0_g1_i2"
"ko:K01697",0.48478123968732,0.0353543497268177,"Menthol_Menthol_vs_Control","path:ko00260","TRINITY_DN9402_c0_g1_i1"
"ko:K01697",0.48478123968732,0.0353543497268177,"Menthol_Menthol_vs_Control","path:ko00260","TRINITY_DN9402_c0_g1_i2"
"ko:K01697",0.48478123968732,0.0353543497268177,"Menthol_Menthol_vs_Control","path:map00260","TRINITY_DN9402_c0_g1_i1"
"ko:K01697",0.48478123968732,0.0353543497268177,"Menthol_Menthol_vs_Control","path:map00260","TRINITY_DN9402_c0_g1_i2"
"ko:K01697",0.48478123968732,0.0353543497268177,"Menthol_Menthol_vs_Control","path:ko01230","TRINITY_DN9402_c0_g1_i1"
"ko:K01697",0.48478123968732,0.0353543497268177,"Menthol_Menthol_vs_Control","path:ko01230","TRINITY_DN9402_c0_g1_i2"
"ko:K01697",0.48478123968732,0.0353543497268177,"Menthol_Menthol_vs_Control","path:ko01100","TRINITY_DN9402_c0_g1_i1"
"ko:K01697",0.48478123968732,0.0353543497268177,"Menthol_Menthol_vs_Control","path:ko01100","TRINITY_DN9402_c0_g1_i2"
"ko:K01697",0.48478123968732,0.0353543497268177,"Menthol_Menthol_vs_Control","path:ko00270","TRINITY_DN9402_c0_g1_i1"
"ko:K01697",0.48478123968732,0.0353543497268177,"Menthol_Menthol_vs_Control","path:ko00270","TRINITY_DN9402_c0_g1_i2"
"ko:K01697",0.48478123968732,0.0353543497268177,"Menthol_Menthol_vs_Control","path:map01230","TRINITY_DN9402_c0_g1_i1"
"ko:K01697",0.48478123968732,0.0353543497268177,"Menthol_Menthol_vs_Control","path:map01230","TRINITY_DN9402_c0_g1_i2"
"ko:K01697",0.48478123968732,0.0353543497268177,"Menthol_Menthol_vs_Control","path:ko01130","TRINITY_DN9402_c0_g1_i1"
"ko:K01697",0.48478123968732,0.0353543497268177,"Menthol_Menthol_vs_Control","path:ko01130","TRINITY_DN9402_c0_g1_i2"
"ko:K01866",-1.44043478859866,0.0210075445119764,"Menthol_Menthol_vs_Control","path:map00970","TRINITY_DN9102_c0_g1_i1"
"ko:K01866",-1.44043478859866,0.0210075445119764,"Menthol_Menthol_vs_Control","path:ko00970","TRINITY_DN9102_c0_g1_i1"
"ko:K01889",-1.22979830726319,0.00208307578184542,"Menthol_Menthol_vs_Control","path:ko00970","TRINITY_DN8901_c0_g1_i1"
"ko:K01889",-1.22979830726319,0.00208307578184542,"Menthol_Menthol_vs_Control","path:map00970","TRINITY_DN8901_c0_g1_i1"
"ko:K02112",-0.619341511030728,0.0405396195380069,"Menthol_Menthol_vs_Control","path:ko00195","TRINITY_DN9599_c0_g1_i1"
"ko:K02112",-0.619341511030728,0.0405396195380069,"Menthol_Menthol_vs_Control","path:ko00195","TRINITY_DN3884_c0_g1_i1"
"ko:K02112",-0.619341511030728,0.0405396195380069,"Menthol_Menthol_vs_Control","path:ko00195","TRINITY_DN3884_c0_g2_i1"
"ko:K02112",-0.619341511030728,0.0405396195380069,"Menthol_Menthol_vs_Control","path:map00190","TRINITY_DN9599_c0_g1_i1"
"ko:K02112",-0.619341511030728,0.0405396195380069,"Menthol_Menthol_vs_Control","path:map00190","TRINITY_DN3884_c0_g1_i1"
"ko:K02112",-0.619341511030728,0.0405396195380069,"Menthol_Menthol_vs_Control","path:map00190","TRINITY_DN3884_c0_g2_i1"
"ko:K02112",-0.619341511030728,0.0405396195380069,"Menthol_Menthol_vs_Control","path:map00195","TRINITY_DN9599_c0_g1_i1"
"ko:K02112",-0.619341511030728,0.0405396195380069,"Menthol_Menthol_vs_Control","path:map00195","TRINITY_DN3884_c0_g1_i1"
"ko:K02112",-0.619341511030728,0.0405396195380069,"Menthol_Menthol_vs_Control","path:map00195","TRINITY_DN3884_c0_g2_i1"
"ko:K02112",-0.619341511030728,0.0405396195380069,"Menthol_Menthol_vs_Control","path:map01100","TRINITY_DN9599_c0_g1_i1"
"ko:K02112",-0.619341511030728,0.0405396195380069,"Menthol_Menthol_vs_Control","path:map01100","TRINITY_DN3884_c0_g1_i1"
"ko:K02112",-0.619341511030728,0.0405396195380069,"Menthol_Menthol_vs_Control","path:map01100","TRINITY_DN3884_c0_g2_i1"
"ko:K02112",-0.619341511030728,0.0405396195380069,"Menthol_Menthol_vs_Control","path:ko01100","TRINITY_DN9599_c0_g1_i1"
"ko:K02112",-0.619341511030728,0.0405396195380069,"Menthol_Menthol_vs_Control","path:ko01100","TRINITY_DN3884_c0_g1_i1"
"ko:K02112",-0.619341511030728,0.0405396195380069,"Menthol_Menthol_vs_Control","path:ko01100","TRINITY_DN3884_c0_g2_i1"
"ko:K02112",-0.619341511030728,0.0405396195380069,"Menthol_Menthol_vs_Control","path:ko00190","TRINITY_DN9599_c0_g1_i1"
"ko:K02112",-0.619341511030728,0.0405396195380069,"Menthol_Menthol_vs_Control","path:ko00190","TRINITY_DN3884_c0_g1_i1"
"ko:K02112",-0.619341511030728,0.0405396195380069,"Menthol_Menthol_vs_Control","path:ko00190","TRINITY_DN3884_c0_g2_i1"
"ko:K02635",-5.01088245957345,9.88365546459829e-05,"Menthol_Menthol_vs_Control","path:ko01100","TRINITY_DN3383_c0_g1_i1"
"ko:K02635",-5.01088245957345,9.88365546459829e-05,"Menthol_Menthol_vs_Control","path:map00195","TRINITY_DN3383_c0_g1_i1"
"ko:K02635",-5.01088245957345,9.88365546459829e-05,"Menthol_Menthol_vs_Control","path:map01100","TRINITY_DN3383_c0_g1_i1"
"ko:K02635",-5.01088245957345,9.88365546459829e-05,"Menthol_Menthol_vs_Control","path:ko00195","TRINITY_DN3383_c0_g1_i1"
"ko:K02703",-8.82960931928661,7.30122844664746e-20,"Menthol_Menthol_vs_Control","path:ko01100","TRINITY_DN13681_c0_g1_i1"
"ko:K02703",-8.82960931928661,7.30122844664746e-20,"Menthol_Menthol_vs_Control","path:map01100","TRINITY_DN13681_c0_g1_i1"
"ko:K02703",-8.82960931928661,7.30122844664746e-20,"Menthol_Menthol_vs_Control","path:map00195","TRINITY_DN13681_c0_g1_i1"
"ko:K02703",-8.82960931928661,7.30122844664746e-20,"Menthol_Menthol_vs_Control","path:ko00195","TRINITY_DN13681_c0_g1_i1"
"ko:K02704",-6.19144269067472,8.3675474914535e-11,"Menthol_Menthol_vs_Control","path:map00195","TRINITY_DN798_c0_g1_i1"
"ko:K02704",-6.19144269067472,8.3675474914535e-11,"Menthol_Menthol_vs_Control","path:ko00195","TRINITY_DN798_c0_g1_i1"
"ko:K02704",-6.19144269067472,8.3675474914535e-11,"Menthol_Menthol_vs_Control","path:map01100","TRINITY_DN798_c0_g1_i1"
"ko:K02704",-6.19144269067472,8.3675474914535e-11,"Menthol_Menthol_vs_Control","path:ko01100","TRINITY_DN798_c0_g1_i1"
"ko:K02705",-6.13887358496679,3.93733872783095e-10,"Menthol_Menthol_vs_Control","path:map01100","TRINITY_DN7742_c0_g1_i1"
"ko:K02705",-6.13887358496679,3.93733872783095e-10,"Menthol_Menthol_vs_Control","path:map00195","TRINITY_DN7742_c0_g1_i1"
"ko:K02705",-6.13887358496679,3.93733872783095e-10,"Menthol_Menthol_vs_Control","path:ko00195","TRINITY_DN7742_c0_g1_i1"
"ko:K02705",-6.13887358496679,3.93733872783095e-10,"Menthol_Menthol_vs_Control","path:ko01100","TRINITY_DN7742_c0_g1_i1"
"ko:K02706",-5.99196039517821,1.41850061689831e-10,"Menthol_Menthol_vs_Control","path:map00195","TRINITY_DN8081_c0_g1_i1"
"ko:K02706",-5.99196039517821,1.41850061689831e-10,"Menthol_Menthol_vs_Control","path:map01100","TRINITY_DN8081_c0_g1_i1"
"ko:K02706",-5.99196039517821,1.41850061689831e-10,"Menthol_Menthol_vs_Control","path:ko01100","TRINITY_DN8081_c0_g1_i1"
"ko:K02706",-5.99196039517821,1.41850061689831e-10,"Menthol_Menthol_vs_Control","path:ko00195","TRINITY_DN8081_c0_g1_i1"
"ko:K03247",-1.36728082138351,0.0201348630848994,"Menthol_Menthol_vs_Control","path:ko03013","TRINITY_DN8615_c0_g1_i1"
"ko:K03247",-1.36728082138351,0.0201348630848994,"Menthol_Menthol_vs_Control","path:ko05162","TRINITY_DN8615_c0_g1_i1"
"ko:K03247",-1.36728082138351,0.0201348630848994,"Menthol_Menthol_vs_Control","path:map03013","TRINITY_DN8615_c0_g1_i1"
"ko:K03247",-1.36728082138351,0.0201348630848994,"Menthol_Menthol_vs_Control","path:map05162","TRINITY_DN8615_c0_g1_i1"
"ko:K03781",0.917582317626812,2.41368126344462e-07,"Menthol_Menthol_vs_Control","path:ko01110","TRINITY_DN9626_c0_g1_i2"
"ko:K03781",0.917582317626812,2.41368126344462e-07,"Menthol_Menthol_vs_Control","path:map01110","TRINITY_DN9626_c0_g1_i2"
"ko:K03781",0.917582317626812,2.41368126344462e-07,"Menthol_Menthol_vs_Control","path:ko01200","TRINITY_DN9626_c0_g1_i2"
"ko:K03781",0.917582317626812,2.41368126344462e-07,"Menthol_Menthol_vs_Control","path:map01130","TRINITY_DN9626_c0_g1_i2"
"ko:K03781",0.917582317626812,2.41368126344462e-07,"Menthol_Menthol_vs_Control","path:ko00380","TRINITY_DN9626_c0_g1_i2"
"ko:K03781",0.917582317626812,2.41368126344462e-07,"Menthol_Menthol_vs_Control","path:map04068","TRINITY_DN9626_c0_g1_i2"
"ko:K03781",0.917582317626812,2.41368126344462e-07,"Menthol_Menthol_vs_Control","path:ko04068","TRINITY_DN9626_c0_g1_i2"
"ko:K03781",0.917582317626812,2.41368126344462e-07,"Menthol_Menthol_vs_Control","path:ko04016","TRINITY_DN9626_c0_g1_i2"
"ko:K03781",0.917582317626812,2.41368126344462e-07,"Menthol_Menthol_vs_Control","path:map01200","TRINITY_DN9626_c0_g1_i2"
"ko:K03781",0.917582317626812,2.41368126344462e-07,"Menthol_Menthol_vs_Control","path:map05014","TRINITY_DN9626_c0_g1_i2"
"ko:K03781",0.917582317626812,2.41368126344462e-07,"Menthol_Menthol_vs_Control","path:ko00630","TRINITY_DN9626_c0_g1_i2"
"ko:K03781",0.917582317626812,2.41368126344462e-07,"Menthol_Menthol_vs_Control","path:map00380","TRINITY_DN9626_c0_g1_i2"
"ko:K03781",0.917582317626812,2.41368126344462e-07,"Menthol_Menthol_vs_Control","path:map04016","TRINITY_DN9626_c0_g1_i2"
"ko:K03781",0.917582317626812,2.41368126344462e-07,"Menthol_Menthol_vs_Control","path:ko04011","TRINITY_DN9626_c0_g1_i2"
"ko:K03781",0.917582317626812,2.41368126344462e-07,"Menthol_Menthol_vs_Control","path:map04146","TRINITY_DN9626_c0_g1_i2"
"ko:K03781",0.917582317626812,2.41368126344462e-07,"Menthol_Menthol_vs_Control","path:ko01130","TRINITY_DN9626_c0_g1_i2"
"ko:K03781",0.917582317626812,2.41368126344462e-07,"Menthol_Menthol_vs_Control","path:ko04146","TRINITY_DN9626_c0_g1_i2"
"ko:K03781",0.917582317626812,2.41368126344462e-07,"Menthol_Menthol_vs_Control","path:map04211","TRINITY_DN9626_c0_g1_i2"
"ko:K03781",0.917582317626812,2.41368126344462e-07,"Menthol_Menthol_vs_Control","path:ko04213","TRINITY_DN9626_c0_g1_i2"
"ko:K03781",0.917582317626812,2.41368126344462e-07,"Menthol_Menthol_vs_Control","path:map00630","TRINITY_DN9626_c0_g1_i2"
"ko:K03781",0.917582317626812,2.41368126344462e-07,"Menthol_Menthol_vs_Control","path:map04212","TRINITY_DN9626_c0_g1_i2"
"ko:K03781",0.917582317626812,2.41368126344462e-07,"Menthol_Menthol_vs_Control","path:ko04212","TRINITY_DN9626_c0_g1_i2"
"ko:K03781",0.917582317626812,2.41368126344462e-07,"Menthol_Menthol_vs_Control","path:map04011","TRINITY_DN9626_c0_g1_i2"
"ko:K03781",0.917582317626812,2.41368126344462e-07,"Menthol_Menthol_vs_Control","path:ko05014","TRINITY_DN9626_c0_g1_i2"
"ko:K03781",0.917582317626812,2.41368126344462e-07,"Menthol_Menthol_vs_Control","path:ko04211","TRINITY_DN9626_c0_g1_i2"
"ko:K03781",0.917582317626812,2.41368126344462e-07,"Menthol_Menthol_vs_Control","path:map04213","TRINITY_DN9626_c0_g1_i2"
"ko:K04079",-1.36167338412286,4.96544500417297e-08,"Menthol_Menthol_vs_Control","path:map04626","TRINITY_DN9553_c0_g1_i1"
"ko:K04079",-1.36167338412286,4.96544500417297e-08,"Menthol_Menthol_vs_Control","path:ko04141","TRINITY_DN9553_c0_g1_i1"
"ko:K04079",-1.36167338412286,4.96544500417297e-08,"Menthol_Menthol_vs_Control","path:map05215","TRINITY_DN9553_c0_g1_i1"
"ko:K04079",-1.36167338412286,4.96544500417297e-08,"Menthol_Menthol_vs_Control","path:map05200","TRINITY_DN9553_c0_g1_i1"
"ko:K04079",-1.36167338412286,4.96544500417297e-08,"Menthol_Menthol_vs_Control","path:ko05200","TRINITY_DN9553_c0_g1_i1"
"ko:K04079",-1.36167338412286,4.96544500417297e-08,"Menthol_Menthol_vs_Control","path:map04657","TRINITY_DN9553_c0_g1_i1"
"ko:K04079",-1.36167338412286,4.96544500417297e-08,"Menthol_Menthol_vs_Control","path:ko04915","TRINITY_DN9553_c0_g1_i1"
"ko:K04079",-1.36167338412286,4.96544500417297e-08,"Menthol_Menthol_vs_Control","path:ko04612","TRINITY_DN9553_c0_g1_i1"
"ko:K04079",-1.36167338412286,4.96544500417297e-08,"Menthol_Menthol_vs_Control","path:map04621","TRINITY_DN9553_c0_g1_i1"
"ko:K04079",-1.36167338412286,4.96544500417297e-08,"Menthol_Menthol_vs_Control","path:map04915","TRINITY_DN9553_c0_g1_i1"
"ko:K04079",-1.36167338412286,4.96544500417297e-08,"Menthol_Menthol_vs_Control","path:ko04657","TRINITY_DN9553_c0_g1_i1"
"ko:K04079",-1.36167338412286,4.96544500417297e-08,"Menthol_Menthol_vs_Control","path:ko05215","TRINITY_DN9553_c0_g1_i1"
"ko:K04079",-1.36167338412286,4.96544500417297e-08,"Menthol_Menthol_vs_Control","path:ko04626","TRINITY_DN9553_c0_g1_i1"
"ko:K04079",-1.36167338412286,4.96544500417297e-08,"Menthol_Menthol_vs_Control","path:ko04621","TRINITY_DN9553_c0_g1_i1"
"ko:K04079",-1.36167338412286,4.96544500417297e-08,"Menthol_Menthol_vs_Control","path:ko04914","TRINITY_DN9553_c0_g1_i1"
"ko:K04079",-1.36167338412286,4.96544500417297e-08,"Menthol_Menthol_vs_Control","path:map04659","TRINITY_DN9553_c0_g1_i1"
"ko:K04079",-1.36167338412286,4.96544500417297e-08,"Menthol_Menthol_vs_Control","path:ko04659","TRINITY_DN9553_c0_g1_i1"
"ko:K04079",-1.36167338412286,4.96544500417297e-08,"Menthol_Menthol_vs_Control","path:ko05418","TRINITY_DN9553_c0_g1_i1"
"ko:K04079",-1.36167338412286,4.96544500417297e-08,"Menthol_Menthol_vs_Control","path:map04141","TRINITY_DN9553_c0_g1_i1"
"ko:K04079",-1.36167338412286,4.96544500417297e-08,"Menthol_Menthol_vs_Control","path:map04612","TRINITY_DN9553_c0_g1_i1"
"ko:K04079",-1.36167338412286,4.96544500417297e-08,"Menthol_Menthol_vs_Control","path:map04151","TRINITY_DN9553_c0_g1_i1"
"ko:K04079",-1.36167338412286,4.96544500417297e-08,"Menthol_Menthol_vs_Control","path:map05418","TRINITY_DN9553_c0_g1_i1"
"ko:K04079",-1.36167338412286,4.96544500417297e-08,"Menthol_Menthol_vs_Control","path:map04217","TRINITY_DN9553_c0_g1_i1"
"ko:K04079",-1.36167338412286,4.96544500417297e-08,"Menthol_Menthol_vs_Control","path:ko04217","TRINITY_DN9553_c0_g1_i1"
"ko:K04079",-1.36167338412286,4.96544500417297e-08,"Menthol_Menthol_vs_Control","path:map04914","TRINITY_DN9553_c0_g1_i1"
"ko:K04079",-1.36167338412286,4.96544500417297e-08,"Menthol_Menthol_vs_Control","path:ko04151","TRINITY_DN9553_c0_g1_i1"
"ko:K04393",-0.516645122855968,0.000881147520844212,"Menthol_Menthol_vs_Control","path:map05132","TRINITY_DN8588_c0_g1_i2"
"ko:K04393",-0.516645122855968,0.000881147520844212,"Menthol_Menthol_vs_Control","path:map05132","TRINITY_DN9376_c0_g1_i1"
"ko:K04393",-0.516645122855968,0.000881147520844212,"Menthol_Menthol_vs_Control","path:map05132","TRINITY_DN8517_c0_g1_i1"
"ko:K04393",-0.516645122855968,0.000881147520844212,"Menthol_Menthol_vs_Control","path:map05132","TRINITY_DN8588_c0_g1_i1"
"ko:K04393",-0.516645122855968,0.000881147520844212,"Menthol_Menthol_vs_Control","path:ko05212","TRINITY_DN8588_c0_g1_i2"
"ko:K04393",-0.516645122855968,0.000881147520844212,"Menthol_Menthol_vs_Control","path:ko05212","TRINITY_DN9376_c0_g1_i1"
"ko:K04393",-0.516645122855968,0.000881147520844212,"Menthol_Menthol_vs_Control","path:ko05212","TRINITY_DN8517_c0_g1_i1"
"ko:K04393",-0.516645122855968,0.000881147520844212,"Menthol_Menthol_vs_Control","path:ko05212","TRINITY_DN8588_c0_g1_i1"
"ko:K04393",-0.516645122855968,0.000881147520844212,"Menthol_Menthol_vs_Control","path:map04722","TRINITY_DN8588_c0_g1_i2"
"ko:K04393",-0.516645122855968,0.000881147520844212,"Menthol_Menthol_vs_Control","path:map04722","TRINITY_DN9376_c0_g1_i1"
"ko:K04393",-0.516645122855968,0.000881147520844212,"Menthol_Menthol_vs_Control","path:map04722","TRINITY_DN8517_c0_g1_i1"
"ko:K04393",-0.516645122855968,0.000881147520844212,"Menthol_Menthol_vs_Control","path:map04722","TRINITY_DN8588_c0_g1_i1"
"ko:K04393",-0.516645122855968,0.000881147520844212,"Menthol_Menthol_vs_Control","path:ko05211","TRINITY_DN8588_c0_g1_i2"
"ko:K04393",-0.516645122855968,0.000881147520844212,"Menthol_Menthol_vs_Control","path:ko05211","TRINITY_DN9376_c0_g1_i1"
"ko:K04393",-0.516645122855968,0.000881147520844212,"Menthol_Menthol_vs_Control","path:ko05211","TRINITY_DN8517_c0_g1_i1"
"ko:K04393",-0.516645122855968,0.000881147520844212,"Menthol_Menthol_vs_Control","path:ko05211","TRINITY_DN8588_c0_g1_i1"
"ko:K04393",-0.516645122855968,0.000881147520844212,"Menthol_Menthol_vs_Control","path:ko05131","TRINITY_DN8588_c0_g1_i2"
"ko:K04393",-0.516645122855968,0.000881147520844212,"Menthol_Menthol_vs_Control","path:ko05131","TRINITY_DN9376_c0_g1_i1"
"ko:K04393",-0.516645122855968,0.000881147520844212,"Menthol_Menthol_vs_Control","path:ko05131","TRINITY_DN8517_c0_g1_i1"
"ko:K04393",-0.516645122855968,0.000881147520844212,"Menthol_Menthol_vs_Control","path:ko05131","TRINITY_DN8588_c0_g1_i1"
"ko:K04393",-0.516645122855968,0.000881147520844212,"Menthol_Menthol_vs_Control","path:map04932","TRINITY_DN8588_c0_g1_i2"
"ko:K04393",-0.516645122855968,0.000881147520844212,"Menthol_Menthol_vs_Control","path:map04932","TRINITY_DN9376_c0_g1_i1"
"ko:K04393",-0.516645122855968,0.000881147520844212,"Menthol_Menthol_vs_Control","path:map04932","TRINITY_DN8517_c0_g1_i1"
"ko:K04393",-0.516645122855968,0.000881147520844212,"Menthol_Menthol_vs_Control","path:map04932","TRINITY_DN8588_c0_g1_i1"
"ko:K04393",-0.516645122855968,0.000881147520844212,"Menthol_Menthol_vs_Control","path:ko05132","TRINITY_DN8588_c0_g1_i2"
"ko:K04393",-0.516645122855968,0.000881147520844212,"Menthol_Menthol_vs_Control","path:ko05132","TRINITY_DN9376_c0_g1_i1"
"ko:K04393",-0.516645122855968,0.000881147520844212,"Menthol_Menthol_vs_Control","path:ko05132","TRINITY_DN8517_c0_g1_i1"
"ko:K04393",-0.516645122855968,0.000881147520844212,"Menthol_Menthol_vs_Control","path:ko05132","TRINITY_DN8588_c0_g1_i1"
"ko:K04393",-0.516645122855968,0.000881147520844212,"Menthol_Menthol_vs_Control","path:map05211","TRINITY_DN8588_c0_g1_i2"
"ko:K04393",-0.516645122855968,0.000881147520844212,"Menthol_Menthol_vs_Control","path:map05211","TRINITY_DN9376_c0_g1_i1"
"ko:K04393",-0.516645122855968,0.000881147520844212,"Menthol_Menthol_vs_Control","path:map05211","TRINITY_DN8517_c0_g1_i1"
"ko:K04393",-0.516645122855968,0.000881147520844212,"Menthol_Menthol_vs_Control","path:map05211","TRINITY_DN8588_c0_g1_i1"
"ko:K04393",-0.516645122855968,0.000881147520844212,"Menthol_Menthol_vs_Control","path:map04370","TRINITY_DN8588_c0_g1_i2"
"ko:K04393",-0.516645122855968,0.000881147520844212,"Menthol_Menthol_vs_Control","path:map04370","TRINITY_DN9376_c0_g1_i1"
"ko:K04393",-0.516645122855968,0.000881147520844212,"Menthol_Menthol_vs_Control","path:map04370","TRINITY_DN8517_c0_g1_i1"
"ko:K04393",-0.516645122855968,0.000881147520844212,"Menthol_Menthol_vs_Control","path:map04370","TRINITY_DN8588_c0_g1_i1"
"ko:K04393",-0.516645122855968,0.000881147520844212,"Menthol_Menthol_vs_Control","path:map05212","TRINITY_DN8588_c0_g1_i2"
"ko:K04393",-0.516645122855968,0.000881147520844212,"Menthol_Menthol_vs_Control","path:map05212","TRINITY_DN9376_c0_g1_i1"
"ko:K04393",-0.516645122855968,0.000881147520844212,"Menthol_Menthol_vs_Control","path:map05212","TRINITY_DN8517_c0_g1_i1"
"ko:K04393",-0.516645122855968,0.000881147520844212,"Menthol_Menthol_vs_Control","path:map05212","TRINITY_DN8588_c0_g1_i1"
"ko:K04393",-0.516645122855968,0.000881147520844212,"Menthol_Menthol_vs_Control","path:ko05205","TRINITY_DN8588_c0_g1_i2"
"ko:K04393",-0.516645122855968,0.000881147520844212,"Menthol_Menthol_vs_Control","path:ko05205","TRINITY_DN9376_c0_g1_i1"
"ko:K04393",-0.516645122855968,0.000881147520844212,"Menthol_Menthol_vs_Control","path:ko05205","TRINITY_DN8517_c0_g1_i1"
"ko:K04393",-0.516645122855968,0.000881147520844212,"Menthol_Menthol_vs_Control","path:ko05205","TRINITY_DN8588_c0_g1_i1"
"ko:K04393",-0.516645122855968,0.000881147520844212,"Menthol_Menthol_vs_Control","path:map05131","TRINITY_DN8588_c0_g1_i2"
"ko:K04393",-0.516645122855968,0.000881147520844212,"Menthol_Menthol_vs_Control","path:map05131","TRINITY_DN9376_c0_g1_i1"
"ko:K04393",-0.516645122855968,0.000881147520844212,"Menthol_Menthol_vs_Control","path:map05131","TRINITY_DN8517_c0_g1_i1"
"ko:K04393",-0.516645122855968,0.000881147520844212,"Menthol_Menthol_vs_Control","path:map05131","TRINITY_DN8588_c0_g1_i1"
"ko:K04393",-0.516645122855968,0.000881147520844212,"Menthol_Menthol_vs_Control","path:map04011","TRINITY_DN8588_c0_g1_i2"
"ko:K04393",-0.516645122855968,0.000881147520844212,"Menthol_Menthol_vs_Control","path:map04011","TRINITY_DN9376_c0_g1_i1"
"ko:K04393",-0.516645122855968,0.000881147520844212,"Menthol_Menthol_vs_Control","path:map04011","TRINITY_DN8517_c0_g1_i1"
"ko:K04393",-0.516645122855968,0.000881147520844212,"Menthol_Menthol_vs_Control","path:map04011","TRINITY_DN8588_c0_g1_i1"
"ko:K04393",-0.516645122855968,0.000881147520844212,"Menthol_Menthol_vs_Control","path:map05165","TRINITY_DN8588_c0_g1_i2"
"ko:K04393",-0.516645122855968,0.000881147520844212,"Menthol_Menthol_vs_Control","path:map05165","TRINITY_DN9376_c0_g1_i1"
"ko:K04393",-0.516645122855968,0.000881147520844212,"Menthol_Menthol_vs_Control","path:map05165","TRINITY_DN8517_c0_g1_i1"
"ko:K04393",-0.516645122855968,0.000881147520844212,"Menthol_Menthol_vs_Control","path:map05165","TRINITY_DN8588_c0_g1_i1"
"ko:K04393",-0.516645122855968,0.000881147520844212,"Menthol_Menthol_vs_Control","path:ko05130","TRINITY_DN8588_c0_g1_i2"
"ko:K04393",-0.516645122855968,0.000881147520844212,"Menthol_Menthol_vs_Control","path:ko05130","TRINITY_DN9376_c0_g1_i1"
"ko:K04393",-0.516645122855968,0.000881147520844212,"Menthol_Menthol_vs_Control","path:ko05130","TRINITY_DN8517_c0_g1_i1"
"ko:K04393",-0.516645122855968,0.000881147520844212,"Menthol_Menthol_vs_Control","path:ko05130","TRINITY_DN8588_c0_g1_i1"
"ko:K04393",-0.516645122855968,0.000881147520844212,"Menthol_Menthol_vs_Control","path:map05200","TRINITY_DN8588_c0_g1_i2"
"ko:K04393",-0.516645122855968,0.000881147520844212,"Menthol_Menthol_vs_Control","path:map05200","TRINITY_DN9376_c0_g1_i1"
"ko:K04393",-0.516645122855968,0.000881147520844212,"Menthol_Menthol_vs_Control","path:map05200","TRINITY_DN8517_c0_g1_i1"
"ko:K04393",-0.516645122855968,0.000881147520844212,"Menthol_Menthol_vs_Control","path:map05200","TRINITY_DN8588_c0_g1_i1"
"ko:K04393",-0.516645122855968,0.000881147520844212,"Menthol_Menthol_vs_Control","path:ko05200","TRINITY_DN8588_c0_g1_i2"
"ko:K04393",-0.516645122855968,0.000881147520844212,"Menthol_Menthol_vs_Control","path:ko05200","TRINITY_DN9376_c0_g1_i1"
"ko:K04393",-0.516645122855968,0.000881147520844212,"Menthol_Menthol_vs_Control","path:ko05200","TRINITY_DN8517_c0_g1_i1"
"ko:K04393",-0.516645122855968,0.000881147520844212,"Menthol_Menthol_vs_Control","path:ko05200","TRINITY_DN8588_c0_g1_i1"
"ko:K04393",-0.516645122855968,0.000881147520844212,"Menthol_Menthol_vs_Control","path:map05203","TRINITY_DN8588_c0_g1_i2"
"ko:K04393",-0.516645122855968,0.000881147520844212,"Menthol_Menthol_vs_Control","path:map05203","TRINITY_DN9376_c0_g1_i1"
"ko:K04393",-0.516645122855968,0.000881147520844212,"Menthol_Menthol_vs_Control","path:map05203","TRINITY_DN8517_c0_g1_i1"
"ko:K04393",-0.516645122855968,0.000881147520844212,"Menthol_Menthol_vs_Control","path:map05203","TRINITY_DN8588_c0_g1_i1"
"ko:K04393",-0.516645122855968,0.000881147520844212,"Menthol_Menthol_vs_Control","path:ko05165","TRINITY_DN8588_c0_g1_i2"
"ko:K04393",-0.516645122855968,0.000881147520844212,"Menthol_Menthol_vs_Control","path:ko05165","TRINITY_DN9376_c0_g1_i1"
"ko:K04393",-0.516645122855968,0.000881147520844212,"Menthol_Menthol_vs_Control","path:ko05165","TRINITY_DN8517_c0_g1_i1"
"ko:K04393",-0.516645122855968,0.000881147520844212,"Menthol_Menthol_vs_Control","path:ko05165","TRINITY_DN8588_c0_g1_i1"
"ko:K04393",-0.516645122855968,0.000881147520844212,"Menthol_Menthol_vs_Control","path:map04360","TRINITY_DN8588_c0_g1_i2"
"ko:K04393",-0.516645122855968,0.000881147520844212,"Menthol_Menthol_vs_Control","path:map04360","TRINITY_DN9376_c0_g1_i1"
"ko:K04393",-0.516645122855968,0.000881147520844212,"Menthol_Menthol_vs_Control","path:map04360","TRINITY_DN8517_c0_g1_i1"
"ko:K04393",-0.516645122855968,0.000881147520844212,"Menthol_Menthol_vs_Control","path:map04360","TRINITY_DN8588_c0_g1_i1"
"ko:K04393",-0.516645122855968,0.000881147520844212,"Menthol_Menthol_vs_Control","path:ko04360","TRINITY_DN8588_c0_g1_i2"
"ko:K04393",-0.516645122855968,0.000881147520844212,"Menthol_Menthol_vs_Control","path:ko04360","TRINITY_DN9376_c0_g1_i1"
"ko:K04393",-0.516645122855968,0.000881147520844212,"Menthol_Menthol_vs_Control","path:ko04360","TRINITY_DN8517_c0_g1_i1"
"ko:K04393",-0.516645122855968,0.000881147520844212,"Menthol_Menthol_vs_Control","path:ko04360","TRINITY_DN8588_c0_g1_i1"
"ko:K04393",-0.516645122855968,0.000881147520844212,"Menthol_Menthol_vs_Control","path:ko04670","TRINITY_DN8588_c0_g1_i2"
"ko:K04393",-0.516645122855968,0.000881147520844212,"Menthol_Menthol_vs_Control","path:ko04670","TRINITY_DN9376_c0_g1_i1"
"ko:K04393",-0.516645122855968,0.000881147520844212,"Menthol_Menthol_vs_Control","path:ko04670","TRINITY_DN8517_c0_g1_i1"
"ko:K04393",-0.516645122855968,0.000881147520844212,"Menthol_Menthol_vs_Control","path:ko04670","TRINITY_DN8588_c0_g1_i1"
"ko:K04393",-0.516645122855968,0.000881147520844212,"Menthol_Menthol_vs_Control","path:ko04370","TRINITY_DN8588_c0_g1_i2"
"ko:K04393",-0.516645122855968,0.000881147520844212,"Menthol_Menthol_vs_Control","path:ko04370","TRINITY_DN9376_c0_g1_i1"
"ko:K04393",-0.516645122855968,0.000881147520844212,"Menthol_Menthol_vs_Control","path:ko04370","TRINITY_DN8517_c0_g1_i1"
"ko:K04393",-0.516645122855968,0.000881147520844212,"Menthol_Menthol_vs_Control","path:ko04370","TRINITY_DN8588_c0_g1_i1"
"ko:K04393",-0.516645122855968,0.000881147520844212,"Menthol_Menthol_vs_Control","path:map04510","TRINITY_DN8588_c0_g1_i2"
"ko:K04393",-0.516645122855968,0.000881147520844212,"Menthol_Menthol_vs_Control","path:map04510","TRINITY_DN9376_c0_g1_i1"
"ko:K04393",-0.516645122855968,0.000881147520844212,"Menthol_Menthol_vs_Control","path:map04510","TRINITY_DN8517_c0_g1_i1"
"ko:K04393",-0.516645122855968,0.000881147520844212,"Menthol_Menthol_vs_Control","path:map04510","TRINITY_DN8588_c0_g1_i1"
"ko:K04393",-0.516645122855968,0.000881147520844212,"Menthol_Menthol_vs_Control","path:ko04510","TRINITY_DN8588_c0_g1_i2"
"ko:K04393",-0.516645122855968,0.000881147520844212,"Menthol_Menthol_vs_Control","path:ko04510","TRINITY_DN9376_c0_g1_i1"
"ko:K04393",-0.516645122855968,0.000881147520844212,"Menthol_Menthol_vs_Control","path:ko04510","TRINITY_DN8517_c0_g1_i1"
"ko:K04393",-0.516645122855968,0.000881147520844212,"Menthol_Menthol_vs_Control","path:ko04510","TRINITY_DN8588_c0_g1_i1"
"ko:K04393",-0.516645122855968,0.000881147520844212,"Menthol_Menthol_vs_Control","path:map04520","TRINITY_DN8588_c0_g1_i2"
"ko:K04393",-0.516645122855968,0.000881147520844212,"Menthol_Menthol_vs_Control","path:map04520","TRINITY_DN9376_c0_g1_i1"
"ko:K04393",-0.516645122855968,0.000881147520844212,"Menthol_Menthol_vs_Control","path:map04520","TRINITY_DN8517_c0_g1_i1"
"ko:K04393",-0.516645122855968,0.000881147520844212,"Menthol_Menthol_vs_Control","path:map04520","TRINITY_DN8588_c0_g1_i1"
"ko:K04393",-0.516645122855968,0.000881147520844212,"Menthol_Menthol_vs_Control","path:ko04520","TRINITY_DN8588_c0_g1_i2"
"ko:K04393",-0.516645122855968,0.000881147520844212,"Menthol_Menthol_vs_Control","path:ko04520","TRINITY_DN9376_c0_g1_i1"
"ko:K04393",-0.516645122855968,0.000881147520844212,"Menthol_Menthol_vs_Control","path:ko04520","TRINITY_DN8517_c0_g1_i1"
"ko:K04393",-0.516645122855968,0.000881147520844212,"Menthol_Menthol_vs_Control","path:ko04520","TRINITY_DN8588_c0_g1_i1"
"ko:K04393",-0.516645122855968,0.000881147520844212,"Menthol_Menthol_vs_Control","path:map04530","TRINITY_DN8588_c0_g1_i2"
"ko:K04393",-0.516645122855968,0.000881147520844212,"Menthol_Menthol_vs_Control","path:map04530","TRINITY_DN9376_c0_g1_i1"
"ko:K04393",-0.516645122855968,0.000881147520844212,"Menthol_Menthol_vs_Control","path:map04530","TRINITY_DN8517_c0_g1_i1"
"ko:K04393",-0.516645122855968,0.000881147520844212,"Menthol_Menthol_vs_Control","path:map04530","TRINITY_DN8588_c0_g1_i1"
"ko:K04393",-0.516645122855968,0.000881147520844212,"Menthol_Menthol_vs_Control","path:ko04530","TRINITY_DN8588_c0_g1_i2"
"ko:K04393",-0.516645122855968,0.000881147520844212,"Menthol_Menthol_vs_Control","path:ko04530","TRINITY_DN9376_c0_g1_i1"
"ko:K04393",-0.516645122855968,0.000881147520844212,"Menthol_Menthol_vs_Control","path:ko04530","TRINITY_DN8517_c0_g1_i1"
"ko:K04393",-0.516645122855968,0.000881147520844212,"Menthol_Menthol_vs_Control","path:ko04530","TRINITY_DN8588_c0_g1_i1"
"ko:K04393",-0.516645122855968,0.000881147520844212,"Menthol_Menthol_vs_Control","path:map04660","TRINITY_DN8588_c0_g1_i2"
"ko:K04393",-0.516645122855968,0.000881147520844212,"Menthol_Menthol_vs_Control","path:map04660","TRINITY_DN9376_c0_g1_i1"
"ko:K04393",-0.516645122855968,0.000881147520844212,"Menthol_Menthol_vs_Control","path:map04660","TRINITY_DN8517_c0_g1_i1"
"ko:K04393",-0.516645122855968,0.000881147520844212,"Menthol_Menthol_vs_Control","path:map04660","TRINITY_DN8588_c0_g1_i1"
"ko:K04393",-0.516645122855968,0.000881147520844212,"Menthol_Menthol_vs_Control","path:ko04660","TRINITY_DN8588_c0_g1_i2"
"ko:K04393",-0.516645122855968,0.000881147520844212,"Menthol_Menthol_vs_Control","path:ko04660","TRINITY_DN9376_c0_g1_i1"
"ko:K04393",-0.516645122855968,0.000881147520844212,"Menthol_Menthol_vs_Control","path:ko04660","TRINITY_DN8517_c0_g1_i1"
"ko:K04393",-0.516645122855968,0.000881147520844212,"Menthol_Menthol_vs_Control","path:ko04660","TRINITY_DN8588_c0_g1_i1"
"ko:K04393",-0.516645122855968,0.000881147520844212,"Menthol_Menthol_vs_Control","path:map04666","TRINITY_DN8588_c0_g1_i2"
"ko:K04393",-0.516645122855968,0.000881147520844212,"Menthol_Menthol_vs_Control","path:map04666","TRINITY_DN9376_c0_g1_i1"
"ko:K04393",-0.516645122855968,0.000881147520844212,"Menthol_Menthol_vs_Control","path:map04666","TRINITY_DN8517_c0_g1_i1"
"ko:K04393",-0.516645122855968,0.000881147520844212,"Menthol_Menthol_vs_Control","path:map04666","TRINITY_DN8588_c0_g1_i1"
"ko:K04393",-0.516645122855968,0.000881147520844212,"Menthol_Menthol_vs_Control","path:ko04666","TRINITY_DN8588_c0_g1_i2"
"ko:K04393",-0.516645122855968,0.000881147520844212,"Menthol_Menthol_vs_Control","path:ko04666","TRINITY_DN9376_c0_g1_i1"
"ko:K04393",-0.516645122855968,0.000881147520844212,"Menthol_Menthol_vs_Control","path:ko04666","TRINITY_DN8517_c0_g1_i1"
"ko:K04393",-0.516645122855968,0.000881147520844212,"Menthol_Menthol_vs_Control","path:ko04666","TRINITY_DN8588_c0_g1_i1"
"ko:K04393",-0.516645122855968,0.000881147520844212,"Menthol_Menthol_vs_Control","path:map04670","TRINITY_DN8588_c0_g1_i2"
"ko:K04393",-0.516645122855968,0.000881147520844212,"Menthol_Menthol_vs_Control","path:map04670","TRINITY_DN9376_c0_g1_i1"
"ko:K04393",-0.516645122855968,0.000881147520844212,"Menthol_Menthol_vs_Control","path:map04670","TRINITY_DN8517_c0_g1_i1"
"ko:K04393",-0.516645122855968,0.000881147520844212,"Menthol_Menthol_vs_Control","path:map04670","TRINITY_DN8588_c0_g1_i1"
"ko:K04393",-0.516645122855968,0.000881147520844212,"Menthol_Menthol_vs_Control","path:map05120","TRINITY_DN8588_c0_g1_i2"
"ko:K04393",-0.516645122855968,0.000881147520844212,"Menthol_Menthol_vs_Control","path:map05120","TRINITY_DN9376_c0_g1_i1"
"ko:K04393",-0.516645122855968,0.000881147520844212,"Menthol_Menthol_vs_Control","path:map05120","TRINITY_DN8517_c0_g1_i1"
"ko:K04393",-0.516645122855968,0.000881147520844212,"Menthol_Menthol_vs_Control","path:map05120","TRINITY_DN8588_c0_g1_i1"
"ko:K04393",-0.516645122855968,0.000881147520844212,"Menthol_Menthol_vs_Control","path:ko05120","TRINITY_DN8588_c0_g1_i2"
"ko:K04393",-0.516645122855968,0.000881147520844212,"Menthol_Menthol_vs_Control","path:ko05120","TRINITY_DN9376_c0_g1_i1"
"ko:K04393",-0.516645122855968,0.000881147520844212,"Menthol_Menthol_vs_Control","path:ko05120","TRINITY_DN8517_c0_g1_i1"
"ko:K04393",-0.516645122855968,0.000881147520844212,"Menthol_Menthol_vs_Control","path:ko05120","TRINITY_DN8588_c0_g1_i1"
"ko:K04393",-0.516645122855968,0.000881147520844212,"Menthol_Menthol_vs_Control","path:ko04722","TRINITY_DN8588_c0_g1_i2"
"ko:K04393",-0.516645122855968,0.000881147520844212,"Menthol_Menthol_vs_Control","path:ko04722","TRINITY_DN9376_c0_g1_i1"
"ko:K04393",-0.516645122855968,0.000881147520844212,"Menthol_Menthol_vs_Control","path:ko04722","TRINITY_DN8517_c0_g1_i1"
"ko:K04393",-0.516645122855968,0.000881147520844212,"Menthol_Menthol_vs_Control","path:ko04722","TRINITY_DN8588_c0_g1_i1"
"ko:K04393",-0.516645122855968,0.000881147520844212,"Menthol_Menthol_vs_Control","path:map04810","TRINITY_DN8588_c0_g1_i2"
"ko:K04393",-0.516645122855968,0.000881147520844212,"Menthol_Menthol_vs_Control","path:map04810","TRINITY_DN9376_c0_g1_i1"
"ko:K04393",-0.516645122855968,0.000881147520844212,"Menthol_Menthol_vs_Control","path:map04810","TRINITY_DN8517_c0_g1_i1"
"ko:K04393",-0.516645122855968,0.000881147520844212,"Menthol_Menthol_vs_Control","path:map04810","TRINITY_DN8588_c0_g1_i1"
"ko:K04393",-0.516645122855968,0.000881147520844212,"Menthol_Menthol_vs_Control","path:ko04810","TRINITY_DN8588_c0_g1_i2"
"ko:K04393",-0.516645122855968,0.000881147520844212,"Menthol_Menthol_vs_Control","path:ko04810","TRINITY_DN9376_c0_g1_i1"
"ko:K04393",-0.516645122855968,0.000881147520844212,"Menthol_Menthol_vs_Control","path:ko04810","TRINITY_DN8517_c0_g1_i1"
"ko:K04393",-0.516645122855968,0.000881147520844212,"Menthol_Menthol_vs_Control","path:ko04810","TRINITY_DN8588_c0_g1_i1"
"ko:K04393",-0.516645122855968,0.000881147520844212,"Menthol_Menthol_vs_Control","path:map04912","TRINITY_DN8588_c0_g1_i2"
"ko:K04393",-0.516645122855968,0.000881147520844212,"Menthol_Menthol_vs_Control","path:map04912","TRINITY_DN9376_c0_g1_i1"
"ko:K04393",-0.516645122855968,0.000881147520844212,"Menthol_Menthol_vs_Control","path:map04912","TRINITY_DN8517_c0_g1_i1"
"ko:K04393",-0.516645122855968,0.000881147520844212,"Menthol_Menthol_vs_Control","path:map04912","TRINITY_DN8588_c0_g1_i1"
"ko:K04393",-0.516645122855968,0.000881147520844212,"Menthol_Menthol_vs_Control","path:ko04912","TRINITY_DN8588_c0_g1_i2"
"ko:K04393",-0.516645122855968,0.000881147520844212,"Menthol_Menthol_vs_Control","path:ko04912","TRINITY_DN9376_c0_g1_i1"
"ko:K04393",-0.516645122855968,0.000881147520844212,"Menthol_Menthol_vs_Control","path:ko04912","TRINITY_DN8517_c0_g1_i1"
"ko:K04393",-0.516645122855968,0.000881147520844212,"Menthol_Menthol_vs_Control","path:ko04912","TRINITY_DN8588_c0_g1_i1"
"ko:K04393",-0.516645122855968,0.000881147520844212,"Menthol_Menthol_vs_Control","path:map04014","TRINITY_DN8588_c0_g1_i2"
"ko:K04393",-0.516645122855968,0.000881147520844212,"Menthol_Menthol_vs_Control","path:map04014","TRINITY_DN9376_c0_g1_i1"
"ko:K04393",-0.516645122855968,0.000881147520844212,"Menthol_Menthol_vs_Control","path:map04014","TRINITY_DN8517_c0_g1_i1"
"ko:K04393",-0.516645122855968,0.000881147520844212,"Menthol_Menthol_vs_Control","path:map04014","TRINITY_DN8588_c0_g1_i1"
"ko:K04393",-0.516645122855968,0.000881147520844212,"Menthol_Menthol_vs_Control","path:ko04932","TRINITY_DN8588_c0_g1_i2"
"ko:K04393",-0.516645122855968,0.000881147520844212,"Menthol_Menthol_vs_Control","path:ko04932","TRINITY_DN9376_c0_g1_i1"
"ko:K04393",-0.516645122855968,0.000881147520844212,"Menthol_Menthol_vs_Control","path:ko04932","TRINITY_DN8517_c0_g1_i1"
"ko:K04393",-0.516645122855968,0.000881147520844212,"Menthol_Menthol_vs_Control","path:ko04932","TRINITY_DN8588_c0_g1_i1"
"ko:K04393",-0.516645122855968,0.000881147520844212,"Menthol_Menthol_vs_Control","path:map04933","TRINITY_DN8588_c0_g1_i2"
"ko:K04393",-0.516645122855968,0.000881147520844212,"Menthol_Menthol_vs_Control","path:map04933","TRINITY_DN9376_c0_g1_i1"
"ko:K04393",-0.516645122855968,0.000881147520844212,"Menthol_Menthol_vs_Control","path:map04933","TRINITY_DN8517_c0_g1_i1"
"ko:K04393",-0.516645122855968,0.000881147520844212,"Menthol_Menthol_vs_Control","path:map04933","TRINITY_DN8588_c0_g1_i1"
"ko:K04393",-0.516645122855968,0.000881147520844212,"Menthol_Menthol_vs_Control","path:ko04933","TRINITY_DN8588_c0_g1_i2"
"ko:K04393",-0.516645122855968,0.000881147520844212,"Menthol_Menthol_vs_Control","path:ko04933","TRINITY_DN9376_c0_g1_i1"
"ko:K04393",-0.516645122855968,0.000881147520844212,"Menthol_Menthol_vs_Control","path:ko04933","TRINITY_DN8517_c0_g1_i1"
"ko:K04393",-0.516645122855968,0.000881147520844212,"Menthol_Menthol_vs_Control","path:ko04933","TRINITY_DN8588_c0_g1_i1"
"ko:K04393",-0.516645122855968,0.000881147520844212,"Menthol_Menthol_vs_Control","path:map05100","TRINITY_DN8588_c0_g1_i2"
"ko:K04393",-0.516645122855968,0.000881147520844212,"Menthol_Menthol_vs_Control","path:map05100","TRINITY_DN9376_c0_g1_i1"
"ko:K04393",-0.516645122855968,0.000881147520844212,"Menthol_Menthol_vs_Control","path:map05100","TRINITY_DN8517_c0_g1_i1"
"ko:K04393",-0.516645122855968,0.000881147520844212,"Menthol_Menthol_vs_Control","path:map05100","TRINITY_DN8588_c0_g1_i1"
"ko:K04393",-0.516645122855968,0.000881147520844212,"Menthol_Menthol_vs_Control","path:ko05100","TRINITY_DN8588_c0_g1_i2"
"ko:K04393",-0.516645122855968,0.000881147520844212,"Menthol_Menthol_vs_Control","path:ko05100","TRINITY_DN9376_c0_g1_i1"
"ko:K04393",-0.516645122855968,0.000881147520844212,"Menthol_Menthol_vs_Control","path:ko05100","TRINITY_DN8517_c0_g1_i1"
"ko:K04393",-0.516645122855968,0.000881147520844212,"Menthol_Menthol_vs_Control","path:ko05100","TRINITY_DN8588_c0_g1_i1"
"ko:K04393",-0.516645122855968,0.000881147520844212,"Menthol_Menthol_vs_Control","path:ko05203","TRINITY_DN8588_c0_g1_i2"
"ko:K04393",-0.516645122855968,0.000881147520844212,"Menthol_Menthol_vs_Control","path:ko05203","TRINITY_DN9376_c0_g1_i1"
"ko:K04393",-0.516645122855968,0.000881147520844212,"Menthol_Menthol_vs_Control","path:ko05203","TRINITY_DN8517_c0_g1_i1"
"ko:K04393",-0.516645122855968,0.000881147520844212,"Menthol_Menthol_vs_Control","path:ko05203","TRINITY_DN8588_c0_g1_i1"
"ko:K04393",-0.516645122855968,0.000881147520844212,"Menthol_Menthol_vs_Control","path:map05205","TRINITY_DN8588_c0_g1_i2"
"ko:K04393",-0.516645122855968,0.000881147520844212,"Menthol_Menthol_vs_Control","path:map05205","TRINITY_DN9376_c0_g1_i1"
"ko:K04393",-0.516645122855968,0.000881147520844212,"Menthol_Menthol_vs_Control","path:map05205","TRINITY_DN8517_c0_g1_i1"
"ko:K04393",-0.516645122855968,0.000881147520844212,"Menthol_Menthol_vs_Control","path:map05205","TRINITY_DN8588_c0_g1_i1"
"ko:K04393",-0.516645122855968,0.000881147520844212,"Menthol_Menthol_vs_Control","path:map05130","TRINITY_DN8588_c0_g1_i2"
"ko:K04393",-0.516645122855968,0.000881147520844212,"Menthol_Menthol_vs_Control","path:map05130","TRINITY_DN9376_c0_g1_i1"
"ko:K04393",-0.516645122855968,0.000881147520844212,"Menthol_Menthol_vs_Control","path:map05130","TRINITY_DN8517_c0_g1_i1"
"ko:K04393",-0.516645122855968,0.000881147520844212,"Menthol_Menthol_vs_Control","path:map05130","TRINITY_DN8588_c0_g1_i1"
"ko:K04393",-0.516645122855968,0.000881147520844212,"Menthol_Menthol_vs_Control","path:map04010","TRINITY_DN8588_c0_g1_i2"
"ko:K04393",-0.516645122855968,0.000881147520844212,"Menthol_Menthol_vs_Control","path:map04010","TRINITY_DN9376_c0_g1_i1"
"ko:K04393",-0.516645122855968,0.000881147520844212,"Menthol_Menthol_vs_Control","path:map04010","TRINITY_DN8517_c0_g1_i1"
"ko:K04393",-0.516645122855968,0.000881147520844212,"Menthol_Menthol_vs_Control","path:map04010","TRINITY_DN8588_c0_g1_i1"
"ko:K04393",-0.516645122855968,0.000881147520844212,"Menthol_Menthol_vs_Control","path:ko04010","TRINITY_DN8588_c0_g1_i2"
"ko:K04393",-0.516645122855968,0.000881147520844212,"Menthol_Menthol_vs_Control","path:ko04010","TRINITY_DN9376_c0_g1_i1"
"ko:K04393",-0.516645122855968,0.000881147520844212,"Menthol_Menthol_vs_Control","path:ko04010","TRINITY_DN8517_c0_g1_i1"
"ko:K04393",-0.516645122855968,0.000881147520844212,"Menthol_Menthol_vs_Control","path:ko04010","TRINITY_DN8588_c0_g1_i1"
"ko:K04393",-0.516645122855968,0.000881147520844212,"Menthol_Menthol_vs_Control","path:map04015","TRINITY_DN8588_c0_g1_i2"
"ko:K04393",-0.516645122855968,0.000881147520844212,"Menthol_Menthol_vs_Control","path:map04015","TRINITY_DN9376_c0_g1_i1"
"ko:K04393",-0.516645122855968,0.000881147520844212,"Menthol_Menthol_vs_Control","path:map04015","TRINITY_DN8517_c0_g1_i1"
"ko:K04393",-0.516645122855968,0.000881147520844212,"Menthol_Menthol_vs_Control","path:map04015","TRINITY_DN8588_c0_g1_i1"
"ko:K04393",-0.516645122855968,0.000881147520844212,"Menthol_Menthol_vs_Control","path:ko04011","TRINITY_DN8588_c0_g1_i2"
"ko:K04393",-0.516645122855968,0.000881147520844212,"Menthol_Menthol_vs_Control","path:ko04011","TRINITY_DN9376_c0_g1_i1"
"ko:K04393",-0.516645122855968,0.000881147520844212,"Menthol_Menthol_vs_Control","path:ko04011","TRINITY_DN8517_c0_g1_i1"
"ko:K04393",-0.516645122855968,0.000881147520844212,"Menthol_Menthol_vs_Control","path:ko04011","TRINITY_DN8588_c0_g1_i1"
"ko:K04393",-0.516645122855968,0.000881147520844212,"Menthol_Menthol_vs_Control","path:map04062","TRINITY_DN8588_c0_g1_i2"
"ko:K04393",-0.516645122855968,0.000881147520844212,"Menthol_Menthol_vs_Control","path:map04062","TRINITY_DN9376_c0_g1_i1"
"ko:K04393",-0.516645122855968,0.000881147520844212,"Menthol_Menthol_vs_Control","path:map04062","TRINITY_DN8517_c0_g1_i1"
"ko:K04393",-0.516645122855968,0.000881147520844212,"Menthol_Menthol_vs_Control","path:map04062","TRINITY_DN8588_c0_g1_i1"
"ko:K04393",-0.516645122855968,0.000881147520844212,"Menthol_Menthol_vs_Control","path:ko04014","TRINITY_DN8588_c0_g1_i2"
"ko:K04393",-0.516645122855968,0.000881147520844212,"Menthol_Menthol_vs_Control","path:ko04014","TRINITY_DN9376_c0_g1_i1"
"ko:K04393",-0.516645122855968,0.000881147520844212,"Menthol_Menthol_vs_Control","path:ko04014","TRINITY_DN8517_c0_g1_i1"
"ko:K04393",-0.516645122855968,0.000881147520844212,"Menthol_Menthol_vs_Control","path:ko04014","TRINITY_DN8588_c0_g1_i1"
"ko:K04393",-0.516645122855968,0.000881147520844212,"Menthol_Menthol_vs_Control","path:ko04015","TRINITY_DN8588_c0_g1_i2"
"ko:K04393",-0.516645122855968,0.000881147520844212,"Menthol_Menthol_vs_Control","path:ko04015","TRINITY_DN9376_c0_g1_i1"
"ko:K04393",-0.516645122855968,0.000881147520844212,"Menthol_Menthol_vs_Control","path:ko04015","TRINITY_DN8517_c0_g1_i1"
"ko:K04393",-0.516645122855968,0.000881147520844212,"Menthol_Menthol_vs_Control","path:ko04015","TRINITY_DN8588_c0_g1_i1"
"ko:K04393",-0.516645122855968,0.000881147520844212,"Menthol_Menthol_vs_Control","path:ko04144","TRINITY_DN8588_c0_g1_i2"
"ko:K04393",-0.516645122855968,0.000881147520844212,"Menthol_Menthol_vs_Control","path:ko04144","TRINITY_DN9376_c0_g1_i1"
"ko:K04393",-0.516645122855968,0.000881147520844212,"Menthol_Menthol_vs_Control","path:ko04144","TRINITY_DN8517_c0_g1_i1"
"ko:K04393",-0.516645122855968,0.000881147520844212,"Menthol_Menthol_vs_Control","path:ko04144","TRINITY_DN8588_c0_g1_i1"
"ko:K04393",-0.516645122855968,0.000881147520844212,"Menthol_Menthol_vs_Control","path:ko04062","TRINITY_DN8588_c0_g1_i2"
"ko:K04393",-0.516645122855968,0.000881147520844212,"Menthol_Menthol_vs_Control","path:ko04062","TRINITY_DN9376_c0_g1_i1"
"ko:K04393",-0.516645122855968,0.000881147520844212,"Menthol_Menthol_vs_Control","path:ko04062","TRINITY_DN8517_c0_g1_i1"
"ko:K04393",-0.516645122855968,0.000881147520844212,"Menthol_Menthol_vs_Control","path:ko04062","TRINITY_DN8588_c0_g1_i1"
"ko:K04393",-0.516645122855968,0.000881147520844212,"Menthol_Menthol_vs_Control","path:map04144","TRINITY_DN8588_c0_g1_i2"
"ko:K04393",-0.516645122855968,0.000881147520844212,"Menthol_Menthol_vs_Control","path:map04144","TRINITY_DN9376_c0_g1_i1"
"ko:K04393",-0.516645122855968,0.000881147520844212,"Menthol_Menthol_vs_Control","path:map04144","TRINITY_DN8517_c0_g1_i1"
"ko:K04393",-0.516645122855968,0.000881147520844212,"Menthol_Menthol_vs_Control","path:map04144","TRINITY_DN8588_c0_g1_i1"
"ko:K05692",0.656593156615954,0.00252992231234007,"Menthol_Menthol_vs_Control","path:map05110","TRINITY_DN9529_c2_g4_i1"
"ko:K05692",0.656593156615954,0.00252992231234007,"Menthol_Menthol_vs_Control","path:map05110","TRINITY_DN9529_c2_g1_i1"
"ko:K05692",0.656593156615954,0.00252992231234007,"Menthol_Menthol_vs_Control","path:ko05418","TRINITY_DN9529_c2_g4_i1"
"ko:K05692",0.656593156615954,0.00252992231234007,"Menthol_Menthol_vs_Control","path:ko05418","TRINITY_DN9529_c2_g1_i1"
"ko:K05692",0.656593156615954,0.00252992231234007,"Menthol_Menthol_vs_Control","path:ko04670","TRINITY_DN9529_c2_g4_i1"
"ko:K05692",0.656593156615954,0.00252992231234007,"Menthol_Menthol_vs_Control","path:ko04670","TRINITY_DN9529_c2_g1_i1"
"ko:K05692",0.656593156615954,0.00252992231234007,"Menthol_Menthol_vs_Control","path:ko05205","TRINITY_DN9529_c2_g4_i1"
"ko:K05692",0.656593156615954,0.00252992231234007,"Menthol_Menthol_vs_Control","path:ko05205","TRINITY_DN9529_c2_g1_i1"
"ko:K05692",0.656593156615954,0.00252992231234007,"Menthol_Menthol_vs_Control","path:map05225","TRINITY_DN9529_c2_g4_i1"
"ko:K05692",0.656593156615954,0.00252992231234007,"Menthol_Menthol_vs_Control","path:map05225","TRINITY_DN9529_c2_g1_i1"
"ko:K05692",0.656593156615954,0.00252992231234007,"Menthol_Menthol_vs_Control","path:ko05225","TRINITY_DN9529_c2_g4_i1"
"ko:K05692",0.656593156615954,0.00252992231234007,"Menthol_Menthol_vs_Control","path:ko05225","TRINITY_DN9529_c2_g1_i1"
"ko:K05692",0.656593156615954,0.00252992231234007,"Menthol_Menthol_vs_Control","path:map05410","TRINITY_DN9529_c2_g4_i1"
"ko:K05692",0.656593156615954,0.00252992231234007,"Menthol_Menthol_vs_Control","path:map05410","TRINITY_DN9529_c2_g1_i1"
"ko:K05692",0.656593156615954,0.00252992231234007,"Menthol_Menthol_vs_Control","path:ko05410","TRINITY_DN9529_c2_g4_i1"
"ko:K05692",0.656593156615954,0.00252992231234007,"Menthol_Menthol_vs_Control","path:ko05410","TRINITY_DN9529_c2_g1_i1"
"ko:K05692",0.656593156615954,0.00252992231234007,"Menthol_Menthol_vs_Control","path:map05412","TRINITY_DN9529_c2_g4_i1"
"ko:K05692",0.656593156615954,0.00252992231234007,"Menthol_Menthol_vs_Control","path:map05412","TRINITY_DN9529_c2_g1_i1"
"ko:K05692",0.656593156615954,0.00252992231234007,"Menthol_Menthol_vs_Control","path:ko05412","TRINITY_DN9529_c2_g4_i1"
"ko:K05692",0.656593156615954,0.00252992231234007,"Menthol_Menthol_vs_Control","path:ko05412","TRINITY_DN9529_c2_g1_i1"
"ko:K05692",0.656593156615954,0.00252992231234007,"Menthol_Menthol_vs_Control","path:map05414","TRINITY_DN9529_c2_g4_i1"
"ko:K05692",0.656593156615954,0.00252992231234007,"Menthol_Menthol_vs_Control","path:map05414","TRINITY_DN9529_c2_g1_i1"
"ko:K05692",0.656593156615954,0.00252992231234007,"Menthol_Menthol_vs_Control","path:ko05414","TRINITY_DN9529_c2_g4_i1"
"ko:K05692",0.656593156615954,0.00252992231234007,"Menthol_Menthol_vs_Control","path:ko05414","TRINITY_DN9529_c2_g1_i1"
"ko:K05692",0.656593156615954,0.00252992231234007,"Menthol_Menthol_vs_Control","path:map05416","TRINITY_DN9529_c2_g4_i1"
"ko:K05692",0.656593156615954,0.00252992231234007,"Menthol_Menthol_vs_Control","path:map05416","TRINITY_DN9529_c2_g1_i1"
"ko:K05692",0.656593156615954,0.00252992231234007,"Menthol_Menthol_vs_Control","path:ko05416","TRINITY_DN9529_c2_g4_i1"
"ko:K05692",0.656593156615954,0.00252992231234007,"Menthol_Menthol_vs_Control","path:ko05416","TRINITY_DN9529_c2_g1_i1"
"ko:K05692",0.656593156615954,0.00252992231234007,"Menthol_Menthol_vs_Control","path:ko04520","TRINITY_DN9529_c2_g4_i1"
"ko:K05692",0.656593156615954,0.00252992231234007,"Menthol_Menthol_vs_Control","path:ko04520","TRINITY_DN9529_c2_g1_i1"
"ko:K05692",0.656593156615954,0.00252992231234007,"Menthol_Menthol_vs_Control","path:map05205","TRINITY_DN9529_c2_g4_i1"
"ko:K05692",0.656593156615954,0.00252992231234007,"Menthol_Menthol_vs_Control","path:map05205","TRINITY_DN9529_c2_g1_i1"
"ko:K05692",0.656593156615954,0.00252992231234007,"Menthol_Menthol_vs_Control","path:map04530","TRINITY_DN9529_c2_g4_i1"
"ko:K05692",0.656593156615954,0.00252992231234007,"Menthol_Menthol_vs_Control","path:map04530","TRINITY_DN9529_c2_g1_i1"
"ko:K05692",0.656593156615954,0.00252992231234007,"Menthol_Menthol_vs_Control","path:ko04530","TRINITY_DN9529_c2_g4_i1"
"ko:K05692",0.656593156615954,0.00252992231234007,"Menthol_Menthol_vs_Control","path:ko04530","TRINITY_DN9529_c2_g1_i1"
"ko:K05692",0.656593156615954,0.00252992231234007,"Menthol_Menthol_vs_Control","path:map04611","TRINITY_DN9529_c2_g4_i1"
"ko:K05692",0.656593156615954,0.00252992231234007,"Menthol_Menthol_vs_Control","path:map04611","TRINITY_DN9529_c2_g1_i1"
"ko:K05692",0.656593156615954,0.00252992231234007,"Menthol_Menthol_vs_Control","path:ko04611","TRINITY_DN9529_c2_g4_i1"
"ko:K05692",0.656593156615954,0.00252992231234007,"Menthol_Menthol_vs_Control","path:ko04611","TRINITY_DN9529_c2_g1_i1"
"ko:K05692",0.656593156615954,0.00252992231234007,"Menthol_Menthol_vs_Control","path:map04670","TRINITY_DN9529_c2_g4_i1"
"ko:K05692",0.656593156615954,0.00252992231234007,"Menthol_Menthol_vs_Control","path:map04670","TRINITY_DN9529_c2_g1_i1"
"ko:K05692",0.656593156615954,0.00252992231234007,"Menthol_Menthol_vs_Control","path:map05130","TRINITY_DN9529_c2_g4_i1"
"ko:K05692",0.656593156615954,0.00252992231234007,"Menthol_Menthol_vs_Control","path:map05130","TRINITY_DN9529_c2_g1_i1"
"ko:K05692",0.656593156615954,0.00252992231234007,"Menthol_Menthol_vs_Control","path:map04714","TRINITY_DN9529_c2_g4_i1"
"ko:K05692",0.656593156615954,0.00252992231234007,"Menthol_Menthol_vs_Control","path:map04714","TRINITY_DN9529_c2_g1_i1"
"ko:K05692",0.656593156615954,0.00252992231234007,"Menthol_Menthol_vs_Control","path:ko04714","TRINITY_DN9529_c2_g4_i1"
"ko:K05692",0.656593156615954,0.00252992231234007,"Menthol_Menthol_vs_Control","path:ko04714","TRINITY_DN9529_c2_g1_i1"
"ko:K05692",0.656593156615954,0.00252992231234007,"Menthol_Menthol_vs_Control","path:map04745","TRINITY_DN9529_c2_g4_i1"
"ko:K05692",0.656593156615954,0.00252992231234007,"Menthol_Menthol_vs_Control","path:map04745","TRINITY_DN9529_c2_g1_i1"
"ko:K05692",0.656593156615954,0.00252992231234007,"Menthol_Menthol_vs_Control","path:ko04745","TRINITY_DN9529_c2_g4_i1"
"ko:K05692",0.656593156615954,0.00252992231234007,"Menthol_Menthol_vs_Control","path:ko04745","TRINITY_DN9529_c2_g1_i1"
"ko:K05692",0.656593156615954,0.00252992231234007,"Menthol_Menthol_vs_Control","path:map04810","TRINITY_DN9529_c2_g4_i1"
"ko:K05692",0.656593156615954,0.00252992231234007,"Menthol_Menthol_vs_Control","path:map04810","TRINITY_DN9529_c2_g1_i1"
"ko:K05692",0.656593156615954,0.00252992231234007,"Menthol_Menthol_vs_Control","path:map05418","TRINITY_DN9529_c2_g4_i1"
"ko:K05692",0.656593156615954,0.00252992231234007,"Menthol_Menthol_vs_Control","path:map05418","TRINITY_DN9529_c2_g1_i1"
"ko:K05692",0.656593156615954,0.00252992231234007,"Menthol_Menthol_vs_Control","path:map04919","TRINITY_DN9529_c2_g4_i1"
"ko:K05692",0.656593156615954,0.00252992231234007,"Menthol_Menthol_vs_Control","path:map04919","TRINITY_DN9529_c2_g1_i1"
"ko:K05692",0.656593156615954,0.00252992231234007,"Menthol_Menthol_vs_Control","path:ko04919","TRINITY_DN9529_c2_g4_i1"
"ko:K05692",0.656593156615954,0.00252992231234007,"Menthol_Menthol_vs_Control","path:ko04919","TRINITY_DN9529_c2_g1_i1"
"ko:K05692",0.656593156615954,0.00252992231234007,"Menthol_Menthol_vs_Control","path:map04921","TRINITY_DN9529_c2_g4_i1"
"ko:K05692",0.656593156615954,0.00252992231234007,"Menthol_Menthol_vs_Control","path:map04921","TRINITY_DN9529_c2_g1_i1"
"ko:K05692",0.656593156615954,0.00252992231234007,"Menthol_Menthol_vs_Control","path:ko04921","TRINITY_DN9529_c2_g4_i1"
"ko:K05692",0.656593156615954,0.00252992231234007,"Menthol_Menthol_vs_Control","path:ko04921","TRINITY_DN9529_c2_g1_i1"
"ko:K05692",0.656593156615954,0.00252992231234007,"Menthol_Menthol_vs_Control","path:map05100","TRINITY_DN9529_c2_g4_i1"
"ko:K05692",0.656593156615954,0.00252992231234007,"Menthol_Menthol_vs_Control","path:map05100","TRINITY_DN9529_c2_g1_i1"
"ko:K05692",0.656593156615954,0.00252992231234007,"Menthol_Menthol_vs_Control","path:ko05110","TRINITY_DN9529_c2_g4_i1"
"ko:K05692",0.656593156615954,0.00252992231234007,"Menthol_Menthol_vs_Control","path:ko05110","TRINITY_DN9529_c2_g1_i1"
"ko:K05692",0.656593156615954,0.00252992231234007,"Menthol_Menthol_vs_Control","path:ko04210","TRINITY_DN9529_c2_g4_i1"
"ko:K05692",0.656593156615954,0.00252992231234007,"Menthol_Menthol_vs_Control","path:ko04210","TRINITY_DN9529_c2_g1_i1"
"ko:K05692",0.656593156615954,0.00252992231234007,"Menthol_Menthol_vs_Control","path:ko05130","TRINITY_DN9529_c2_g4_i1"
"ko:K05692",0.656593156615954,0.00252992231234007,"Menthol_Menthol_vs_Control","path:ko05130","TRINITY_DN9529_c2_g1_i1"
"ko:K05692",0.656593156615954,0.00252992231234007,"Menthol_Menthol_vs_Control","path:map05131","TRINITY_DN9529_c2_g4_i1"
"ko:K05692",0.656593156615954,0.00252992231234007,"Menthol_Menthol_vs_Control","path:map05131","TRINITY_DN9529_c2_g1_i1"
"ko:K05692",0.656593156615954,0.00252992231234007,"Menthol_Menthol_vs_Control","path:ko05131","TRINITY_DN9529_c2_g4_i1"
"ko:K05692",0.656593156615954,0.00252992231234007,"Menthol_Menthol_vs_Control","path:ko05131","TRINITY_DN9529_c2_g1_i1"
"ko:K05692",0.656593156615954,0.00252992231234007,"Menthol_Menthol_vs_Control","path:map05132","TRINITY_DN9529_c2_g4_i1"
"ko:K05692",0.656593156615954,0.00252992231234007,"Menthol_Menthol_vs_Control","path:map05132","TRINITY_DN9529_c2_g1_i1"
"ko:K05692",0.656593156615954,0.00252992231234007,"Menthol_Menthol_vs_Control","path:ko05132","TRINITY_DN9529_c2_g4_i1"
"ko:K05692",0.656593156615954,0.00252992231234007,"Menthol_Menthol_vs_Control","path:ko05132","TRINITY_DN9529_c2_g1_i1"
"ko:K05692",0.656593156615954,0.00252992231234007,"Menthol_Menthol_vs_Control","path:ko04810","TRINITY_DN9529_c2_g4_i1"
"ko:K05692",0.656593156615954,0.00252992231234007,"Menthol_Menthol_vs_Control","path:ko04810","TRINITY_DN9529_c2_g1_i1"
"ko:K05692",0.656593156615954,0.00252992231234007,"Menthol_Menthol_vs_Control","path:map04520","TRINITY_DN9529_c2_g4_i1"
"ko:K05692",0.656593156615954,0.00252992231234007,"Menthol_Menthol_vs_Control","path:map04520","TRINITY_DN9529_c2_g1_i1"
"ko:K05692",0.656593156615954,0.00252992231234007,"Menthol_Menthol_vs_Control","path:map04015","TRINITY_DN9529_c2_g4_i1"
"ko:K05692",0.656593156615954,0.00252992231234007,"Menthol_Menthol_vs_Control","path:map04015","TRINITY_DN9529_c2_g1_i1"
"ko:K05692",0.656593156615954,0.00252992231234007,"Menthol_Menthol_vs_Control","path:ko04015","TRINITY_DN9529_c2_g4_i1"
"ko:K05692",0.656593156615954,0.00252992231234007,"Menthol_Menthol_vs_Control","path:ko04015","TRINITY_DN9529_c2_g1_i1"
"ko:K05692",0.656593156615954,0.00252992231234007,"Menthol_Menthol_vs_Control","path:map04145","TRINITY_DN9529_c2_g4_i1"
"ko:K05692",0.656593156615954,0.00252992231234007,"Menthol_Menthol_vs_Control","path:map04145","TRINITY_DN9529_c2_g1_i1"
"ko:K05692",0.656593156615954,0.00252992231234007,"Menthol_Menthol_vs_Control","path:ko04145","TRINITY_DN9529_c2_g4_i1"
"ko:K05692",0.656593156615954,0.00252992231234007,"Menthol_Menthol_vs_Control","path:ko04145","TRINITY_DN9529_c2_g1_i1"
"ko:K05692",0.656593156615954,0.00252992231234007,"Menthol_Menthol_vs_Control","path:map04210","TRINITY_DN9529_c2_g4_i1"
"ko:K05692",0.656593156615954,0.00252992231234007,"Menthol_Menthol_vs_Control","path:map04210","TRINITY_DN9529_c2_g1_i1"
"ko:K05692",0.656593156615954,0.00252992231234007,"Menthol_Menthol_vs_Control","path:ko05100","TRINITY_DN9529_c2_g4_i1"
"ko:K05692",0.656593156615954,0.00252992231234007,"Menthol_Menthol_vs_Control","path:ko05100","TRINITY_DN9529_c2_g1_i1"
"ko:K05692",0.656593156615954,0.00252992231234007,"Menthol_Menthol_vs_Control","path:map04390","TRINITY_DN9529_c2_g4_i1"
"ko:K05692",0.656593156615954,0.00252992231234007,"Menthol_Menthol_vs_Control","path:map04390","TRINITY_DN9529_c2_g1_i1"
"ko:K05692",0.656593156615954,0.00252992231234007,"Menthol_Menthol_vs_Control","path:ko04390","TRINITY_DN9529_c2_g4_i1"
"ko:K05692",0.656593156615954,0.00252992231234007,"Menthol_Menthol_vs_Control","path:ko04390","TRINITY_DN9529_c2_g1_i1"
"ko:K05692",0.656593156615954,0.00252992231234007,"Menthol_Menthol_vs_Control","path:map04391","TRINITY_DN9529_c2_g4_i1"
"ko:K05692",0.656593156615954,0.00252992231234007,"Menthol_Menthol_vs_Control","path:map04391","TRINITY_DN9529_c2_g1_i1"
"ko:K05692",0.656593156615954,0.00252992231234007,"Menthol_Menthol_vs_Control","path:ko04391","TRINITY_DN9529_c2_g4_i1"
"ko:K05692",0.656593156615954,0.00252992231234007,"Menthol_Menthol_vs_Control","path:ko04391","TRINITY_DN9529_c2_g1_i1"
"ko:K05692",0.656593156615954,0.00252992231234007,"Menthol_Menthol_vs_Control","path:map04510","TRINITY_DN9529_c2_g4_i1"
"ko:K05692",0.656593156615954,0.00252992231234007,"Menthol_Menthol_vs_Control","path:map04510","TRINITY_DN9529_c2_g1_i1"
"ko:K05692",0.656593156615954,0.00252992231234007,"Menthol_Menthol_vs_Control","path:ko04510","TRINITY_DN9529_c2_g4_i1"
"ko:K05692",0.656593156615954,0.00252992231234007,"Menthol_Menthol_vs_Control","path:ko04510","TRINITY_DN9529_c2_g1_i1"
"ko:K05692",0.656593156615954,0.00252992231234007,"Menthol_Menthol_vs_Control","path:map05164","TRINITY_DN9529_c2_g4_i1"
"ko:K05692",0.656593156615954,0.00252992231234007,"Menthol_Menthol_vs_Control","path:map05164","TRINITY_DN9529_c2_g1_i1"
"ko:K05692",0.656593156615954,0.00252992231234007,"Menthol_Menthol_vs_Control","path:ko05164","TRINITY_DN9529_c2_g4_i1"
"ko:K05692",0.656593156615954,0.00252992231234007,"Menthol_Menthol_vs_Control","path:ko05164","TRINITY_DN9529_c2_g1_i1"
"ko:K07375",0.620214930902987,0.00252992231234007,"Menthol_Menthol_vs_Control","path:ko04145","TRINITY_DN4401_c0_g1_i1"
"ko:K07375",0.620214930902987,0.00252992231234007,"Menthol_Menthol_vs_Control","path:ko04145","TRINITY_DN8730_c0_g1_i1"
"ko:K07375",0.620214930902987,0.00252992231234007,"Menthol_Menthol_vs_Control","path:map04540","TRINITY_DN4401_c0_g1_i1"
"ko:K07375",0.620214930902987,0.00252992231234007,"Menthol_Menthol_vs_Control","path:map04540","TRINITY_DN8730_c0_g1_i1"
"ko:K07375",0.620214930902987,0.00252992231234007,"Menthol_Menthol_vs_Control","path:ko05130","TRINITY_DN4401_c0_g1_i1"
"ko:K07375",0.620214930902987,0.00252992231234007,"Menthol_Menthol_vs_Control","path:ko05130","TRINITY_DN8730_c0_g1_i1"
"ko:K07375",0.620214930902987,0.00252992231234007,"Menthol_Menthol_vs_Control","path:ko04540","TRINITY_DN4401_c0_g1_i1"
"ko:K07375",0.620214930902987,0.00252992231234007,"Menthol_Menthol_vs_Control","path:ko04540","TRINITY_DN8730_c0_g1_i1"
"ko:K07375",0.620214930902987,0.00252992231234007,"Menthol_Menthol_vs_Control","path:map04145","TRINITY_DN4401_c0_g1_i1"
"ko:K07375",0.620214930902987,0.00252992231234007,"Menthol_Menthol_vs_Control","path:map04145","TRINITY_DN8730_c0_g1_i1"
"ko:K07375",0.620214930902987,0.00252992231234007,"Menthol_Menthol_vs_Control","path:map05130","TRINITY_DN4401_c0_g1_i1"
"ko:K07375",0.620214930902987,0.00252992231234007,"Menthol_Menthol_vs_Control","path:map05130","TRINITY_DN8730_c0_g1_i1"
"ko:K07874",-0.434112832254927,0.0368542964975442,"Menthol_Menthol_vs_Control","path:ko05134","TRINITY_DN8364_c0_g1_i1"
"ko:K07874",-0.434112832254927,0.0368542964975442,"Menthol_Menthol_vs_Control","path:ko05134","TRINITY_DN9582_c3_g1_i1"
"ko:K07874",-0.434112832254927,0.0368542964975442,"Menthol_Menthol_vs_Control","path:ko05134","TRINITY_DN8746_c0_g2_i1"
"ko:K07874",-0.434112832254927,0.0368542964975442,"Menthol_Menthol_vs_Control","path:ko05134","TRINITY_DN8648_c0_g1_i1"
"ko:K07874",-0.434112832254927,0.0368542964975442,"Menthol_Menthol_vs_Control","path:ko05134","TRINITY_DN8364_c0_g1_i2"
"ko:K07874",-0.434112832254927,0.0368542964975442,"Menthol_Menthol_vs_Control","path:map05134","TRINITY_DN8364_c0_g1_i1"
"ko:K07874",-0.434112832254927,0.0368542964975442,"Menthol_Menthol_vs_Control","path:map05134","TRINITY_DN9582_c3_g1_i1"
"ko:K07874",-0.434112832254927,0.0368542964975442,"Menthol_Menthol_vs_Control","path:map05134","TRINITY_DN8746_c0_g2_i1"
"ko:K07874",-0.434112832254927,0.0368542964975442,"Menthol_Menthol_vs_Control","path:map05134","TRINITY_DN8648_c0_g1_i1"
"ko:K07874",-0.434112832254927,0.0368542964975442,"Menthol_Menthol_vs_Control","path:map05134","TRINITY_DN8364_c0_g1_i2"
"ko:K08057",-0.970857953047368,0.000347771107667095,"Menthol_Menthol_vs_Control","path:ko05170","TRINITY_DN8812_c0_g1_i1"
"ko:K08057",-0.970857953047368,0.000347771107667095,"Menthol_Menthol_vs_Control","path:map04145","TRINITY_DN8812_c0_g1_i1"
"ko:K08057",-0.970857953047368,0.000347771107667095,"Menthol_Menthol_vs_Control","path:map05170","TRINITY_DN8812_c0_g1_i1"
"ko:K08057",-0.970857953047368,0.000347771107667095,"Menthol_Menthol_vs_Control","path:ko05166","TRINITY_DN8812_c0_g1_i1"
"ko:K08057",-0.970857953047368,0.000347771107667095,"Menthol_Menthol_vs_Control","path:map05166","TRINITY_DN8812_c0_g1_i1"
"ko:K08057",-0.970857953047368,0.000347771107667095,"Menthol_Menthol_vs_Control","path:map05169","TRINITY_DN8812_c0_g1_i1"
"ko:K08057",-0.970857953047368,0.000347771107667095,"Menthol_Menthol_vs_Control","path:ko05169","TRINITY_DN8812_c0_g1_i1"
"ko:K08057",-0.970857953047368,0.000347771107667095,"Menthol_Menthol_vs_Control","path:map04141","TRINITY_DN8812_c0_g1_i1"
"ko:K08057",-0.970857953047368,0.000347771107667095,"Menthol_Menthol_vs_Control","path:ko04141","TRINITY_DN8812_c0_g1_i1"
"ko:K08057",-0.970857953047368,0.000347771107667095,"Menthol_Menthol_vs_Control","path:map05142","TRINITY_DN8812_c0_g1_i1"
"ko:K08057",-0.970857953047368,0.000347771107667095,"Menthol_Menthol_vs_Control","path:ko04145","TRINITY_DN8812_c0_g1_i1"
"ko:K08057",-0.970857953047368,0.000347771107667095,"Menthol_Menthol_vs_Control","path:map04612","TRINITY_DN8812_c0_g1_i1"
"ko:K08057",-0.970857953047368,0.000347771107667095,"Menthol_Menthol_vs_Control","path:ko04612","TRINITY_DN8812_c0_g1_i1"
"ko:K08057",-0.970857953047368,0.000347771107667095,"Menthol_Menthol_vs_Control","path:ko05142","TRINITY_DN8812_c0_g1_i1"
"ko:K08057",-0.970857953047368,0.000347771107667095,"Menthol_Menthol_vs_Control","path:map05163","TRINITY_DN8812_c0_g1_i1"
"ko:K08057",-0.970857953047368,0.000347771107667095,"Menthol_Menthol_vs_Control","path:ko05163","TRINITY_DN8812_c0_g1_i1"
"ko:K08764",0.843257213726454,0.015796681491791,"Menthol_Menthol_vs_Control","path:map00120","TRINITY_DN9212_c0_g1_i1"
"ko:K08764",0.843257213726454,0.015796681491791,"Menthol_Menthol_vs_Control","path:ko01212","TRINITY_DN9212_c0_g1_i1"
"ko:K08764",0.843257213726454,0.015796681491791,"Menthol_Menthol_vs_Control","path:map03320","TRINITY_DN9212_c0_g1_i1"
"ko:K08764",0.843257213726454,0.015796681491791,"Menthol_Menthol_vs_Control","path:ko03320","TRINITY_DN9212_c0_g1_i1"
"ko:K08764",0.843257213726454,0.015796681491791,"Menthol_Menthol_vs_Control","path:map04146","TRINITY_DN9212_c0_g1_i1"
"ko:K08764",0.843257213726454,0.015796681491791,"Menthol_Menthol_vs_Control","path:ko04146","TRINITY_DN9212_c0_g1_i1"
"ko:K08764",0.843257213726454,0.015796681491791,"Menthol_Menthol_vs_Control","path:ko01040","TRINITY_DN9212_c0_g1_i1"
"ko:K08764",0.843257213726454,0.015796681491791,"Menthol_Menthol_vs_Control","path:map01100","TRINITY_DN9212_c0_g1_i1"
"ko:K08764",0.843257213726454,0.015796681491791,"Menthol_Menthol_vs_Control","path:ko00120","TRINITY_DN9212_c0_g1_i1"
"ko:K08764",0.843257213726454,0.015796681491791,"Menthol_Menthol_vs_Control","path:map01040","TRINITY_DN9212_c0_g1_i1"
"ko:K08764",0.843257213726454,0.015796681491791,"Menthol_Menthol_vs_Control","path:ko01100","TRINITY_DN9212_c0_g1_i1"
"ko:K08764",0.843257213726454,0.015796681491791,"Menthol_Menthol_vs_Control","path:map01212","TRINITY_DN9212_c0_g1_i1"
"ko:K09490",-1.47163769665854,0.0060284800951903,"Menthol_Menthol_vs_Control","path:map05020","TRINITY_DN9406_c0_g1_i2"
"ko:K09490",-1.47163769665854,0.0060284800951903,"Menthol_Menthol_vs_Control","path:map05020","TRINITY_DN9406_c0_g1_i1"
"ko:K09490",-1.47163769665854,0.0060284800951903,"Menthol_Menthol_vs_Control","path:map05020","TRINITY_DN9627_c0_g1_i1"
"ko:K09490",-1.47163769665854,0.0060284800951903,"Menthol_Menthol_vs_Control","path:ko05020","TRINITY_DN9406_c0_g1_i2"
"ko:K09490",-1.47163769665854,0.0060284800951903,"Menthol_Menthol_vs_Control","path:ko05020","TRINITY_DN9406_c0_g1_i1"
"ko:K09490",-1.47163769665854,0.0060284800951903,"Menthol_Menthol_vs_Control","path:ko05020","TRINITY_DN9627_c0_g1_i1"
"ko:K09490",-1.47163769665854,0.0060284800951903,"Menthol_Menthol_vs_Control","path:map04141","TRINITY_DN9406_c0_g1_i2"
"ko:K09490",-1.47163769665854,0.0060284800951903,"Menthol_Menthol_vs_Control","path:map04141","TRINITY_DN9406_c0_g1_i1"
"ko:K09490",-1.47163769665854,0.0060284800951903,"Menthol_Menthol_vs_Control","path:map04141","TRINITY_DN9627_c0_g1_i1"
"ko:K09490",-1.47163769665854,0.0060284800951903,"Menthol_Menthol_vs_Control","path:ko03060","TRINITY_DN9406_c0_g1_i2"
"ko:K09490",-1.47163769665854,0.0060284800951903,"Menthol_Menthol_vs_Control","path:ko03060","TRINITY_DN9406_c0_g1_i1"
"ko:K09490",-1.47163769665854,0.0060284800951903,"Menthol_Menthol_vs_Control","path:ko03060","TRINITY_DN9627_c0_g1_i1"
"ko:K09490",-1.47163769665854,0.0060284800951903,"Menthol_Menthol_vs_Control","path:map03060","TRINITY_DN9406_c0_g1_i2"
"ko:K09490",-1.47163769665854,0.0060284800951903,"Menthol_Menthol_vs_Control","path:map03060","TRINITY_DN9406_c0_g1_i1"
"ko:K09490",-1.47163769665854,0.0060284800951903,"Menthol_Menthol_vs_Control","path:map03060","TRINITY_DN9627_c0_g1_i1"
"ko:K09490",-1.47163769665854,0.0060284800951903,"Menthol_Menthol_vs_Control","path:ko04918","TRINITY_DN9406_c0_g1_i2"
"ko:K09490",-1.47163769665854,0.0060284800951903,"Menthol_Menthol_vs_Control","path:ko04918","TRINITY_DN9406_c0_g1_i1"
"ko:K09490",-1.47163769665854,0.0060284800951903,"Menthol_Menthol_vs_Control","path:ko04918","TRINITY_DN9627_c0_g1_i1"
"ko:K09490",-1.47163769665854,0.0060284800951903,"Menthol_Menthol_vs_Control","path:ko04141","TRINITY_DN9406_c0_g1_i2"
"ko:K09490",-1.47163769665854,0.0060284800951903,"Menthol_Menthol_vs_Control","path:ko04141","TRINITY_DN9406_c0_g1_i1"
"ko:K09490",-1.47163769665854,0.0060284800951903,"Menthol_Menthol_vs_Control","path:ko04141","TRINITY_DN9627_c0_g1_i1"
"ko:K09490",-1.47163769665854,0.0060284800951903,"Menthol_Menthol_vs_Control","path:map04918","TRINITY_DN9406_c0_g1_i2"
"ko:K09490",-1.47163769665854,0.0060284800951903,"Menthol_Menthol_vs_Control","path:map04918","TRINITY_DN9406_c0_g1_i1"
"ko:K09490",-1.47163769665854,0.0060284800951903,"Menthol_Menthol_vs_Control","path:map04918","TRINITY_DN9627_c0_g1_i1"
"ko:K09584",-1.30278645806545,0.0146779005189241,"Menthol_Menthol_vs_Control","path:ko04141","TRINITY_DN8955_c0_g1_i3"
"ko:K09584",-1.30278645806545,0.0146779005189241,"Menthol_Menthol_vs_Control","path:ko04141","TRINITY_DN8955_c0_g1_i2"
"ko:K09584",-1.30278645806545,0.0146779005189241,"Menthol_Menthol_vs_Control","path:ko04141","TRINITY_DN8955_c0_g1_i1"
"ko:K09584",-1.30278645806545,0.0146779005189241,"Menthol_Menthol_vs_Control","path:map04141","TRINITY_DN8955_c0_g1_i3"
"ko:K09584",-1.30278645806545,0.0146779005189241,"Menthol_Menthol_vs_Control","path:map04141","TRINITY_DN8955_c0_g1_i2"
"ko:K09584",-1.30278645806545,0.0146779005189241,"Menthol_Menthol_vs_Control","path:map04141","TRINITY_DN8955_c0_g1_i1"
